id,first_name,last_name,email,car
0,Jeff,Gregory,johnsonmichael@example.net,Buick
1,Robin,Johnson,ernest54@example.net,Lexus
2,Shannon,Thompson,jmathis@example.com,Honda
3,Sandy,Collier,thomaskaren@example.com,Toyota
4,Morgan,Simpson,allendakota@example.org,Dodge
5,Katherine,Rosario,tateamanda@example.net,Porsche
6,Riley,Castillo,brittneypeterson@example.com,Honda
7,Justin,Lee,lprince@example.org,BMW
8,Suzanne,Smith,bbarnes@example.com,Jeep
9,Charles,Marshall,heididiaz@example.com,Porsche
10,Gregory,Shelton,tward@example.org,Subaru
11,Christopher,Hudson,larrypeters@example.org,Porsche
12,Kim,Knight,xnelson@example.net,Volvo
13,Raymond,Wilson,bryan29@example.org,Jaguar
14,Amy,Anderson,theresahodge@example.org,Toyota
15,Misty,Gill,dfisher@example.net,BMW
16,Bridget,Hunter,hhoffman@example.org,Mercedes-Benz
17,Gail,Willis,elizabeth54@example.org,Jeep
18,Scott,Wilson,erush@example.com,Audi
19,Marie,Terrell,simmonspatricia@example.net,Mercedes-Benz
20,Daniel,Patterson,william00@example.com,Mercedes-Benz
21,Gabriela,Flynn,doris37@example.net,Cadillac
22,David,Evans,martinezjerome@example.com,Nissan
23,Gary,Tucker,ramirezkenneth@example.org,Chevrolet
24,Cynthia,Mason,richardnash@example.org,Ford
25,Brandon,Rodriguez,sarah94@example.net,BMW
26,Robert,Barr,medinabrooke@example.com,Cadillac
27,Kathleen,Smith,dlowe@example.org,Buick
28,Raymond,Jackson,nkemp@example.net,Mercedes-Benz
29,Christina,Petty,,
30,Cody,Warren,kylie39@example.net,Dodge
31,Autumn,Hunter,rebecca03@example.net,Volvo
32,Renee,Smith,debra04@example.org,Nissan
33,Robert,Bailey,michelle52@example.com,Acura
34,Jean,Duffy,hbell@example.net,Nissan
35,Dennis,Bryant,tyler23@example.net,Lexus
36,Christopher,Gomez,robertsonjasmine@example.com,Acura
37,Holly,Nguyen,,
38,Shelby,Casey,jolson@example.net,BMW
39,Gabriella,Esparza,burnschristina@example.com,Porsche
40,Yvonne,Hall,richmondheidi@example.org,GMC
41,Cheryl,Martin,ethomas@example.com,Buick
42,William,Rodriguez,patrick63@example.org,Acura
43,Bryan,Franklin,kristina43@example.com,Jaguar
44,Allison,Adkins,ghiggins@example.org,Audi
45,Glenn,Vazquez,hortonchad@example.net,Jeep
46,Christopher,Greene,michael29@example.net,Ford
47,Jeremy,Garcia,davidthomas@example.org,GMC
48,Christian,Smith,bakeralexis@example.net,GMC
49,Kristina,Johnson,raven04@example.com,Jeep
50,Jessica,Rivera,perkinsbrianna@example.org,Acura
51,Hailey,Bright,brownjoshua@example.org,Volkswagen
52,Amanda,Nguyen,mclaughlinscott@example.org,GMC
53,Ryan,Phelps,lawsonemily@example.com,Toyota
54,Anthony,Neal,webernatalie@example.org,Acura
55,Taylor,Hamilton,oliviaclayton@example.com,Cadillac
56,Robert,Smith,dawnstevens@example.org,Nissan
57,Robin,Livingston,holmeswilliam@example.com,Honda
58,Angelica,Turner,erin52@example.net,Mercedes-Benz
59,Susan,West,petersandoval@example.org,Toyota
60,Benjamin,Hudson,sylviafoster@example.net,Toyota
61,Alex,Sheppard,wfranklin@example.com,Lexus
62,James,Garcia,tramos@example.com,Jaguar
63,Robert,Jenkins,umccoy@example.net,Cadillac
64,Stacy,Barnes,ehester@example.com,Toyota
65,Joseph,King,christopher10@example.org,Volvo
66,Jose,Garrison,xgonzalez@example.org,BMW
67,Nathan,Bean,cory00@example.com,Jeep
68,Meredith,Lindsey,leesamantha@example.org,Cadillac
69,Brian,Landry,kharrison@example.com,Subaru
70,Jenny,Webb,christineanderson@example.com,Nissan
71,Frank,Jacobs,breynolds@example.com,Porsche
72,Sarah,Potts,floresnicholas@example.net,Audi
73,Lacey,Butler,david51@example.org,Audi
74,Bryan,Riley,odavis@example.org,Chevrolet
75,John,Olson,parroyo@example.net,Cadillac
76,Bernard,Williams,wangangela@example.org,Volkswagen
77,Christopher,Delgado,tking@example.com,Volvo
78,John,Powers,clarkryan@example.org,Subaru
79,James,Johnson,rcontreras@example.net,Acura
80,Amy,Munoz,marthawalter@example.com,Jeep
81,Cynthia,Reid,derrickmitchell@example.org,Mercedes-Benz
82,Marcus,White,austinluna@example.net,Buick
83,Lauren,Willis,kcobb@example.net,Chevrolet
84,Anna,West,townsendmichael@example.net,Volvo
85,Robin,Walker,obrienanthony@example.net,Jeep
86,Anthony,Reyes,chelsea25@example.org,Porsche
87,Shawna,Choi,andremunoz@example.net,Ford
88,Debbie,Byrd,mlucas@example.org,Volvo
89,Evan,Ellis,singletonstephanie@example.net,Volkswagen
90,Daniel,Norton,brittany07@example.net,Ford
91,Nathaniel,Guerrero,taylorterri@example.com,BMW
92,Emily,Rogers,daniel87@example.net,Mercedes-Benz
93,Lindsey,Larsen,ivanjohnson@example.net,Dodge
94,Andrea,Moreno,fweber@example.com,Porsche
95,Lawrence,Silva,jesusskinner@example.org,Jeep
96,Dan,Carter,lee52@example.org,Toyota
97,Elizabeth,Maynard,collinsjulie@example.org,Toyota
98,Derek,Jordan,wsanchez@example.org,Volvo
99,Alicia,Osborn,kelli78@example.net,Ford
100,David,Long,jeremycox@example.com,Lexus
101,James,Davis,rhancock@example.com,Dodge
102,Tina,Whitehead,johnsonjeffery@example.net,Lexus
103,Michelle,Cooley,johnsonelizabeth@example.net,Porsche
104,Barbara,Lynch,,
105,Sara,Chambers,areynolds@example.com,Volkswagen
106,Bruce,Davis,tracyberry@example.net,Nissan
107,Richard,Rodriguez,jaguilar@example.org,Lexus
108,Edward,Ellis,,
109,Mary,Dixon,,
110,Charles,Love,,
111,Colleen,Cooper,,
112,Jennifer,Ware,,
113,Zachary,Pace,cervantesjustin@example.com,BMW
114,Debbie,Guerrero,marissa64@example.org,Buick
115,Mark,Underwood,nduarte@example.com,Toyota
116,Travis,Cunningham,collierbrandon@example.net,Subaru
117,David,White,asmith@example.com,Porsche
118,Justin,Mendoza,ykey@example.org,BMW
119,Carl,Orr,mark26@example.com,Audi
120,Jennifer,Weber,jonessharon@example.org,Volkswagen
121,Justin,Daniels,colleenhernandez@example.net,Volkswagen
122,William,Davidson,obenjamin@example.com,Jaguar
123,Paul,Park,jessicahall@example.net,Jaguar
124,Katrina,Morgan,sheltontony@example.com,Nissan
125,Danielle,Hinton,sdavis@example.net,Volvo
126,Thomas,Mcdonald,rachel26@example.com,Audi
127,Jennifer,Williams,angela07@example.com,Porsche
128,Michael,Vazquez,cpatel@example.com,Buick
129,James,Morales,crystal20@example.net,Jeep
130,Brittany,Boyd,igardner@example.com,Nissan
131,Robert,Webb,kristin83@example.org,Porsche
132,Sarah,Wheeler,bishopsusan@example.com,BMW
133,Jim,Williams,brent61@example.net,Toyota
134,Beth,West,bbaker@example.net,Chevrolet
135,Mark,Ramirez,stoneandrea@example.org,GMC
136,Crystal,Oliver,tanya68@example.com,Porsche
137,Sherry,Johnson,zroberts@example.com,Lexus
138,Mia,Greene,wflores@example.net,Subaru
139,Melanie,Anderson,jessicamiller@example.net,GMC
140,Larry,White,lfrazier@example.com,Porsche
141,Jeff,Arnold,rcrawford@example.net,Buick
142,Brittany,Brown,vdurham@example.org,Jeep
143,Victoria,Cooper,richardsonkathleen@example.net,Cadillac
144,Jeremy,Mata,hbell@example.org,Volkswagen
145,Anne,Perez,stacey40@example.org,Honda
146,Audrey,Garner,grantbrittany@example.net,GMC
147,David,Foster,malonesteven@example.net,Porsche
148,Kelly,Jones,dwood@example.com,BMW
149,Rachael,Kramer,garrettlaura@example.com,Buick
150,Taylor,Williams,ymccarty@example.net,BMW
151,Alicia,Williams,nmyers@example.com,Ford
152,Stephanie,Cervantes,kenneth45@example.net,Volkswagen
153,Rebecca,Kerr,ruthlee@example.com,Lexus
154,Samantha,Miller,michael55@example.org,Lexus
155,John,Herrera,nicholascherry@example.com,Mercedes-Benz
156,Debra,Evans,rushnicholas@example.com,Audi
157,Maria,Mccormick,brodriguez@example.com,Chevrolet
158,Ana,Stafford,kathleen39@example.org,Mercedes-Benz
159,Jamie,Wilson,david68@example.net,Buick
160,Dustin,Garcia,ramirezmark@example.com,Buick
161,Megan,Saunders,brianna34@example.org,Subaru
162,Jessica,George,veronica10@example.org,Cadillac
163,Robert,Faulkner,orrjennifer@example.com,Buick
164,William,Reyes,odean@example.net,Buick
165,Allen,Diaz,ashleygreen@example.org,Acura
166,Katrina,Hicks,lindarios@example.org,Acura
167,Amy,Lyons,anthonyjennifer@example.org,Volkswagen
168,Michael,Flores,matthewhiggins@example.net,Nissan
169,John,Taylor,joshuapage@example.com,Toyota
170,Anthony,Mora,osbornesamantha@example.net,Subaru
171,Nathaniel,Jennings,jamesperez@example.net,Porsche
172,Chelsea,Hess,ichen@example.org,Nissan
173,Stephanie,Smith,nhood@example.org,Dodge
174,Brittany,Hill,zwilson@example.net,Chevrolet
175,Alisha,Mckenzie,gabrielle19@example.org,Jeep
176,Katie,Barnett,joseph94@example.org,GMC
177,James,Rodriguez,sophiaturner@example.org,Dodge
178,Robert,Pena,ymorse@example.com,Audi
179,Sabrina,Bradshaw,cynthia62@example.net,Jeep
180,Gregg,Harris,donaldrush@example.org,Lexus
181,Jeffery,Robertson,dyerkenneth@example.com,Subaru
182,Christina,Young,hollygreen@example.org,Toyota
183,Henry,Gallagher,rbryant@example.net,Dodge
184,Rhonda,Rose,kthomas@example.net,Dodge
185,Lindsay,Paul,halljohn@example.com,Volkswagen
186,Raymond,Rodriguez,bgarcia@example.com,Nissan
187,Katie,Frost,mfields@example.org,Jaguar
188,Christopher,Holmes,blackwelljessica@example.com,Nissan
189,David,Higgins,matthewbooker@example.com,Chevrolet
190,Brittney,Gamble,vmiller@example.org,Lexus
191,Kelly,Castaneda,gjordan@example.org,Toyota
192,Edward,Martinez,jessica29@example.org,Subaru
193,Dawn,Smith,joshualee@example.net,Jeep
194,Connie,Taylor,curtiscody@example.com,Jeep
195,Beverly,Mckinney,kaitlynlane@example.net,Volkswagen
196,Jesus,Hernandez,ohill@example.net,Buick
197,Jennifer,Glenn,hfranklin@example.net,Audi
198,Brandon,Archer,samuelingram@example.org,Toyota
199,Stephen,Jennings,scottalison@example.org,Honda
200,Deborah,Collins,powersdevin@example.com,GMC
201,Jennifer,Scott,kaylafritz@example.org,Dodge
202,Austin,Schroeder,randallthompson@example.org,Jeep
203,Daniel,Holt,sandramartin@example.net,Audi
204,Jessica,Lopez,holmesdanielle@example.com,Ford
205,Julia,Miller,johnsonannette@example.com,Cadillac
206,Lee,Olson,,
207,Danielle,Carr,leahkennedy@example.org,Toyota
208,Connie,Hernandez,xedwards@example.org,Dodge
209,Kristine,Peterson,richardwhite@example.net,Jeep
210,Hannah,Ferguson,christine68@example.net,Buick
211,Jon,Fisher,samuel69@example.net,Jeep
212,Kayla,Spencer,chad13@example.net,Buick
213,Jeffrey,Howard,rwright@example.com,Dodge
214,Jesus,Ayala,,
215,Kathleen,Buchanan,dayjason@example.com,Volvo
216,Austin,Williams,martinezamanda@example.net,Porsche
217,Jessica,Boyer,millermaurice@example.com,Mercedes-Benz
218,James,Webb,debra54@example.com,Dodge
219,Ronald,Rogers,murphypatrick@example.net,Jeep
220,Michael,White,zcooley@example.org,Volvo
221,George,Washington,kevin26@example.com,Acura
222,Brenda,Ellis,andreawerner@example.org,Audi
223,Eddie,Thompson,anna50@example.com,Cadillac
224,Jennifer,Hardy,holly13@example.org,GMC
225,Laura,Gibson,kgreen@example.com,Chevrolet
226,Troy,Kerr,laura27@example.com,Porsche
227,Marilyn,Kelly,lawrencemelissa@example.net,Nissan
228,Jason,Payne,colleenrodgers@example.org,BMW
229,Katie,Underwood,sierra78@example.com,Toyota
230,Kenneth,Sullivan,dorothy26@example.net,Lexus
231,Anthony,Reed,erin55@example.com,Jaguar
232,Jacqueline,Goodman,hayley05@example.com,GMC
233,Brian,Barrett,tvega@example.net,Nissan
234,Stephen,Richardson,dianaalvarez@example.com,GMC
235,Jeremy,Hicks,dennisanderson@example.org,Volkswagen
236,Tristan,Fox,amymurphy@example.org,Mercedes-Benz
237,Emily,Simmons,ewinters@example.org,Jeep
238,Danielle,Cordova,misty11@example.org,Chevrolet
239,Tiffany,Edwards,speterson@example.org,Acura
240,Nicole,Rodriguez,jason54@example.net,Subaru
241,Andrew,Hooper,sarah36@example.com,Buick
242,Misty,Miller,katherinedavis@example.com,Audi
243,Joe,Hamilton,cherylthomas@example.com,Acura
244,Brent,Farmer,savannahwalker@example.org,GMC
245,Brandon,Lane,uwalker@example.net,Volkswagen
246,Cheryl,Roberts,lisa02@example.org,GMC
247,Sara,Cooke,gregory27@example.org,Jaguar
248,Brian,Simmons,christopherphillips@example.net,Ford
249,Justin,Love,osnyder@example.net,Cadillac
250,Stephen,Ellison,robert73@example.com,Porsche
251,Stacy,White,,
252,Samantha,Chen,brittany65@example.org,Porsche
253,Theresa,Chambers,nancy41@example.org,Nissan
254,Rachel,Jackson,charles24@example.net,Jeep
255,Tim,Edwards,amontgomery@example.net,Nissan
256,Alan,Jenkins,chudson@example.org,Volvo
257,Micheal,Gutierrez,websterheather@example.org,Ford
258,Cody,Hernandez,beverlyharris@example.org,Porsche
259,Anna,Maxwell,kim96@example.com,Jeep
260,Wendy,Velazquez,jessica83@example.org,Toyota
261,Pamela,Norton,holderkenneth@example.net,Lexus
262,Sheila,Flores,sandra14@example.com,BMW
263,Jessica,Knox,florescody@example.com,Chevrolet
264,William,Smith,ynelson@example.net,Ford
265,David,Brady,,
266,Matthew,Montes,adamscraig@example.net,Honda
267,Angela,Heath,nichole78@example.net,Porsche
268,Katelyn,Anderson,liujustin@example.net,GMC
269,Jennifer,Brown,jacobquinn@example.org,Cadillac
270,Natalie,Horn,onguyen@example.com,Toyota
271,Stephanie,Thomas,davidlauren@example.com,Jeep
272,Laura,Thomas,charles34@example.com,Toyota
273,Paul,Sandoval,william19@example.org,Acura
274,Marc,Ford,charles48@example.net,Dodge
275,David,Roberts,ssnyder@example.com,Ford
276,Jason,Chang,smithamber@example.net,Toyota
277,Alison,Parker,lnichols@example.net,Jaguar
278,Angela,Miller,rhubbard@example.org,Acura
279,Christopher,Hubbard,randylewis@example.net,Mercedes-Benz
280,Kyle,Mckenzie,eddie07@example.net,Lexus
281,Stephanie,Orr,xhuffman@example.org,Dodge
282,Tina,Vega,devinholt@example.org,Subaru
283,Veronica,Frederick,nobrien@example.net,Chevrolet
284,Anna,Ferguson,clarkshane@example.com,Nissan
285,Mary,Harper,bryantran@example.net,BMW
286,Teresa,Buck,justincastillo@example.net,GMC
287,Beth,Stevenson,romerobrittany@example.com,Lexus
288,Stacy,Dunn,dustin69@example.com,Buick
289,James,Flores,margaret62@example.net,Toyota
290,Anthony,Williams,penayvonne@example.org,Porsche
291,Adam,Peters,wilcoxnatasha@example.net,Subaru
292,Deborah,Reed,kconrad@example.net,Acura
293,Nicole,Burnett,bryansmith@example.org,Volvo
294,Brett,Alexander,smithmichael@example.com,Jaguar
295,John,Smith,jacksoncassandra@example.com,Acura
296,Joseph,Martinez,penningtonfrank@example.org,Honda
297,Christie,Smith,rickyellison@example.com,Porsche
298,Christopher,Yang,canderson@example.com,Ford
299,Nicholas,Strong,scottkevin@example.com,Porsche
300,Megan,Moreno,lopezjohn@example.com,BMW
301,Shannon,Griffin,patriciahardin@example.com,Acura
302,Anthony,Bass,bbrooks@example.com,Lexus
303,Jamie,Ortega,jasminelopez@example.net,Acura
304,Thomas,Duran,ufields@example.net,Dodge
305,Leroy,Goodwin,scotthill@example.com,Honda
306,Kimberly,Wiley,stevenrogers@example.org,GMC
307,Jeremy,Sutton,gregoryrachel@example.net,Mercedes-Benz
308,Timothy,Crawford,beardbetty@example.net,Toyota
309,Lisa,Pennington,scott34@example.net,BMW
310,Gwendolyn,Jordan,lowedestiny@example.org,Toyota
311,Rhonda,Jones,armstrongnicole@example.org,Lexus
312,Savannah,Jones,gbowen@example.org,Audi
313,Dillon,Mccoy,pdawson@example.net,Jeep
314,Bryan,Mason,rosalesdennis@example.com,Toyota
315,Deanna,Black,murraymichael@example.org,Honda
316,Devin,Tanner,timothycollins@example.net,Honda
317,Madison,Stevens,longbruce@example.com,Porsche
318,Kathleen,Nixon,amandasanders@example.org,Audi
319,Amanda,Donaldson,cweaver@example.net,Ford
320,Melissa,Hawkins,quinnjulie@example.net,Toyota
321,Megan,Murphy,,
322,Richard,Montes,,
323,Christopher,Eaton,valerie14@example.net,Lexus
324,Joshua,Arnold,hernandezbrandon@example.net,Nissan
325,Connie,Lawson,amy77@example.com,Porsche
326,Anthony,Nelson,griffithdavid@example.net,Porsche
327,Stephanie,Smith,dianarodriguez@example.net,BMW
328,Shaun,Solomon,craig19@example.org,Volkswagen
329,Jimmy,Smith,kirsten16@example.org,Nissan
330,Colin,Duffy,,
331,Doris,Curry,,
332,Grant,Hall,,
333,Amber,Bryant,,
334,Jason,Johnson,,
335,Jason,Barnes,,
336,Jason,Perry,muellereric@example.org,Chevrolet
337,Casey,Rowland,zshaw@example.com,Acura
338,Joseph,Collins,joshua89@example.com,Jaguar
339,Jesus,Fox,stephen71@example.com,Acura
340,Patrick,Frost,steven96@example.com,Lexus
341,Matthew,Hoffman,umoran@example.org,Toyota
342,Alexander,Lara,susancook@example.net,Ford
343,Michael,Miller,cynthiaadams@example.org,Porsche
344,Craig,Armstrong,markwalters@example.net,Dodge
345,Brian,Baird,carolynjones@example.com,Chevrolet
346,Jerome,Martin,morrisongwendolyn@example.org,Subaru
347,Susan,Jacobs,david84@example.org,Buick
348,Larry,Scott,gamblemary@example.com,Mercedes-Benz
349,Stephen,Haley,hoodmelissa@example.com,Audi
350,Marissa,Andrews,samuelreynolds@example.com,Cadillac
351,Matthew,Davis,kimberlytaylor@example.org,Dodge
352,Katherine,Sullivan,angelajackson@example.org,Audi
353,Charles,Morgan,krodriguez@example.com,Jeep
354,Eric,Olson,michael55@example.com,Dodge
355,Erin,Gallagher,william97@example.org,Volvo
356,Dana,Glenn,masonjason@example.net,BMW
357,Megan,Howell,richardcarpenter@example.org,Honda
358,Ashley,Garcia,ryangardner@example.net,Subaru
359,William,Martinez,jeffrey09@example.org,Volkswagen
360,Joel,Whitaker,jerry48@example.com,Volvo
361,Matthew,Jones,katie12@example.net,Nissan
362,Jonathan,Johnson,jennifer45@example.net,Porsche
363,Gloria,Krueger,lscott@example.org,Volkswagen
364,Brenda,Shields,ashley15@example.net,Ford
365,Alec,Reynolds,coxlindsay@example.net,BMW
366,Kathleen,Bowman,heatherbecker@example.net,Acura
367,Kyle,Lam,ashleybrady@example.org,Toyota
368,Raymond,Fisher,charles00@example.net,Ford
369,Robert,Ali,qmiller@example.net,Nissan
370,Adam,Baldwin,lwood@example.com,Volkswagen
371,Melissa,Kim,lauraosborne@example.com,Volvo
372,Dylan,Johnson,diazann@example.org,Jaguar
373,Jason,Sanchez,lisabarker@example.org,Dodge
374,Michael,Carter,david64@example.net,Acura
375,Dennis,Mueller,darrenharvey@example.net,Mercedes-Benz
376,Bruce,Williams,njones@example.com,Ford
377,David,Holt,jacob98@example.org,Jaguar
378,Heather,Bates,vhernandez@example.com,BMW
379,Christina,Stevenson,peterschelsea@example.net,Nissan
380,Melanie,Greer,julieknight@example.org,Toyota
381,Thomas,Butler,oboyd@example.com,Jeep
382,Joel,Johnston,jeffrey77@example.org,Honda
383,James,Ramirez,linda85@example.com,Buick
384,Frank,Dennis,rogersdwayne@example.org,Honda
385,Morgan,Park,henrywaters@example.net,Lexus
386,Luis,Miranda,agarcia@example.net,GMC
387,Christina,Burton,qjohnson@example.com,Lexus
388,Timothy,Jenkins,dgarcia@example.net,Volvo
389,Amanda,Becker,matthewmoyer@example.net,GMC
390,Andrew,Mckay,oedwards@example.net,Acura
391,Joel,Castro,masonjessica@example.com,Nissan
392,Kathryn,Young,jessica16@example.com,Volvo
393,Karen,Myers,phyllis10@example.com,Dodge
394,Derek,Johnson,gjones@example.net,Cadillac
395,Kari,Munoz,anna98@example.com,Cadillac
396,Tammy,Robinson,nguyenkevin@example.org,Ford
397,Robert,Williams,thenry@example.com,Toyota
398,Erika,Marshall,samuel64@example.com,Lexus
399,Jody,Sherman,richmondmathew@example.net,GMC
400,Lauren,Hunt,xanderson@example.net,Acura
401,Sandra,Williams,zkhan@example.com,Cadillac
402,Scott,Shea,phogan@example.org,Chevrolet
403,Jon,Martin,bryangilmore@example.org,Cadillac
404,Steven,Hunt,valerie16@example.org,Jeep
405,Rachel,Brown,sberry@example.net,Chevrolet
406,Robin,Romero,gjackson@example.com,Cadillac
407,Anthony,Robinson,sarahlove@example.net,Nissan
408,Carlos,Robbins,kristentownsend@example.com,Volvo
409,Donna,Stafford,iwright@example.com,Acura
410,Jason,Fernandez,juanflores@example.net,Cadillac
411,Jennifer,Pierce,yanggeorge@example.net,Buick
412,Elizabeth,Weber,raytravis@example.org,Nissan
413,Jennifer,Downs,rodneylopez@example.org,BMW
414,William,Miller,michaelramirez@example.org,Toyota
415,Anthony,Garcia,pameladean@example.net,Jeep
416,Zachary,Solis,chadguzman@example.net,Nissan
417,Jeffery,Kemp,lindawashington@example.com,Jeep
418,Eric,Welch,andrewking@example.net,GMC
419,Justin,Pope,davidwilson@example.org,Nissan
420,Alicia,Dougherty,nguyenelizabeth@example.com,Ford
421,Janet,White,courtney79@example.org,Toyota
422,John,Poole,xchoi@example.com,Volvo
423,Arthur,Henry,alicia97@example.org,Toyota
424,Paul,Hicks,julia86@example.org,Jaguar
425,Luis,Cole,nedwards@example.org,Cadillac
426,Marcus,Ramirez,michelle60@example.com,Volkswagen
427,Adrian,Bean,bzimmerman@example.org,Subaru
428,Allison,Williams,joyce94@example.net,Ford
429,Joshua,Nelson,susanterry@example.com,Ford
430,Dennis,Gonzales,richardsoncrystal@example.org,Buick
431,Danielle,Cisneros,charles96@example.net,Subaru
432,Michelle,Cross,ellisricky@example.org,Buick
433,Kevin,Jones,gonzalezricky@example.net,Chevrolet
434,James,Jimenez,alicia07@example.org,Volkswagen
435,Ashley,Martin,justin63@example.com,Acura
436,Walter,Hess,richard56@example.net,Chevrolet
437,Kurt,Gordon,gregorylewis@example.com,Acura
438,Destiny,George,qwright@example.net,Audi
439,Leah,Edwards,andrewolson@example.com,Audi
440,Omar,Thomas,taylor48@example.net,Ford
441,Dustin,Shaw,pporter@example.org,Mercedes-Benz
442,Maria,Moran,tim37@example.org,Cadillac
443,Joseph,Russell,youngrandy@example.org,Buick
444,Brandon,Velez,joyce61@example.net,Subaru
445,Amanda,Cruz,bvang@example.com,Dodge
446,William,Butler,jeremyjones@example.org,Cadillac
447,Kurt,Shields,gedwards@example.net,GMC
448,Shannon,Lambert,barbarabarajas@example.com,Jaguar
449,Kimberly,Monroe,brian11@example.org,Ford
450,Benjamin,Hamilton,anthonygrant@example.com,Dodge
451,Samuel,Jones,rmorris@example.net,Nissan
452,Ryan,Thomas,swilliams@example.net,Subaru
453,Karina,Patrick,simsseth@example.com,Jeep
454,Samantha,Lutz,andrew82@example.net,Nissan
455,Terri,Wang,usullivan@example.org,Jaguar
456,Michael,Frey,jeffrey40@example.org,Ford
457,Patrick,Aguilar,sandramarsh@example.org,Audi
458,Scott,Hansen,imiller@example.com,Toyota
459,Jennifer,Thomas,ssilva@example.org,Jeep
460,Dean,Barnett,stephenreynolds@example.com,Nissan
461,Jared,Warren,melissasullivan@example.org,Cadillac
462,Gina,Byrd,pnorton@example.com,GMC
463,Jennifer,Williams,jason88@example.com,Porsche
464,Dawn,Wells,williamscindy@example.org,Jaguar
465,Susan,Herrera,imurphy@example.com,Toyota
466,Jessica,Moore,pettysonya@example.org,Nissan
467,Shelia,Short,sarahwhite@example.net,Honda
468,Michelle,Harrison,acunningham@example.net,Toyota
469,Kevin,Long,whitejeremy@example.net,Chevrolet
470,Stefanie,Henry,lisahiggins@example.com,Jeep
471,Michelle,Wade,barrcourtney@example.com,GMC
472,Michael,Jordan,brownadam@example.net,Volvo
473,Debra,Thompson,amydouglas@example.com,Volvo
474,Timothy,Norris,mercadodeanna@example.com,Jaguar
475,Amy,Parsons,chapmanjon@example.org,Cadillac
476,Scott,Carlson,zgonzalez@example.org,Audi
477,Jennifer,White,hugheshector@example.com,Acura
478,Laura,Nunez,courtney83@example.com,Volvo
479,Nicholas,Watson,nlewis@example.com,Honda
480,Krystal,Coleman,shannoncook@example.com,Toyota
481,Jennifer,Obrien,brittanygraham@example.com,BMW
482,Douglas,Smith,kwalker@example.com,Volkswagen
483,Yesenia,Sawyer,,
484,Parker,Fisher,,
485,Cynthia,Daniels,,
486,David,Powell,bradshawmark@example.com,Ford
487,Reginald,Young,pwarren@example.net,Jaguar
488,Lisa,Smith,kirkbrian@example.com,Subaru
489,John,Barrett,,
490,Stephen,White,,
491,Christopher,Edwards,,
492,Kathleen,Norris,cody02@example.com,Nissan
493,Kimberly,Carr,vanessasteele@example.org,Cadillac
494,Jacqueline,Sanders,lawrencefrances@example.net,Acura
495,John,Howard,rebekahsanchez@example.com,Toyota
496,Jeffrey,Mccoy,chunt@example.com,Jaguar
497,Richard,Simpson,carriechristensen@example.org,Mercedes-Benz
498,Donna,Murphy,rharrell@example.net,Ford
499,Michael,Dorsey,jose05@example.com,Audi
500,Heather,Smith,jacksonkathy@example.net,Porsche
501,Jennifer,Reed,barbarabaldwin@example.net,Nissan
502,Jason,West,ythomas@example.org,Volvo
503,Latasha,Graves,averyjoseph@example.com,Lexus
504,Diana,Hudson,irichards@example.com,Audi
505,Rhonda,Ortega,kbailey@example.org,Chevrolet
506,Andrew,Brooks,aliciaspence@example.com,Toyota
507,James,Farrell,imack@example.net,Cadillac
508,David,Ashley,juliehess@example.org,Acura
509,Alex,Owens,elizabeth32@example.org,Toyota
510,Daniel,Potter,mary87@example.com,Toyota
511,Kimberly,Horne,ethan37@example.com,Buick
512,Jonathan,Joseph,brendaarias@example.net,Nissan
513,Carl,Lane,jacquelineperez@example.net,Cadillac
514,Anthony,Stanton,alexandra90@example.net,Buick
515,Stanley,Baker,smithdarlene@example.org,Buick
516,Regina,Graham,kevinwilliams@example.com,Jaguar
517,Scott,Lee,jennifer55@example.com,Jaguar
518,Andrew,Phillips,jacob82@example.net,Acura
519,Penny,Garcia,gblankenship@example.org,Nissan
520,Katie,Thornton,theresasantiago@example.com,Audi
521,Danielle,Guerrero,sharon17@example.net,Buick
522,Daniel,King,brownrichard@example.org,Jaguar
523,Linda,Palmer,justin70@example.com,Cadillac
524,Steve,Martinez,hooverhenry@example.org,Porsche
525,Mason,Strickland,gclark@example.net,Nissan
526,Barbara,Cantu,raymondjones@example.org,Ford
527,Eddie,Campos,wilsontravis@example.com,Jeep
528,Jessica,Perez,anunez@example.net,Acura
529,Bethany,Alvarez,myersjessica@example.net,Mercedes-Benz
530,Amanda,Washington,nsmith@example.com,Honda
531,Allison,Flynn,heidi70@example.net,Nissan
532,Anna,Lynch,trancraig@example.net,Jeep
533,Zachary,Byrd,millerkeith@example.com,Buick
534,Steven,Dennis,carpenterrebecca@example.com,Chevrolet
535,Daniel,Smith,fitzgeraldgabriel@example.org,Mercedes-Benz
536,Joseph,Martinez,lawrencewilliams@example.net,BMW
537,Robert,Spence,laura42@example.net,Jeep
538,Kimberly,Anderson,robertbuckley@example.org,Audi
539,Christian,Boyd,nicholstyler@example.com,Chevrolet
540,Sarah,Long,torresanna@example.com,Nissan
541,Sydney,Carlson,,
542,Darrell,Thomas,jowen@example.com,BMW
543,Regina,Cook,cbentley@example.org,Jeep
544,Maria,Adams,stevenmills@example.com,Jaguar
545,John,Smith,chelseagarcia@example.org,Dodge
546,Mark,Thornton,shelia83@example.org,Jeep
547,Samantha,Kerr,cochrankenneth@example.org,Jaguar
548,Melanie,King,desiree99@example.net,Subaru
549,Nicole,Kim,john98@example.org,Mercedes-Benz
550,Lindsey,Hernandez,lambertdonna@example.org,Honda
551,Kathleen,Evans,hillkelsey@example.com,Audi
552,Brenda,Green,rhenderson@example.org,Subaru
553,Patricia,Robertson,wjohnson@example.net,Volkswagen
554,William,Dean,pday@example.net,BMW
555,John,Peterson,jason75@example.com,Volvo
556,Sheila,Johnson,rhodescourtney@example.net,Lexus
557,Katherine,Davis,schneidertony@example.net,Nissan
558,Stephen,Smith,merrittangela@example.org,Honda
559,Matthew,Moreno,vroberts@example.net,Cadillac
560,Heidi,Yates,chad81@example.com,GMC
561,Daniel,Gibbs,travis46@example.org,Audi
562,Diana,Cortez,bradbrooks@example.org,Jaguar
563,Lisa,Rodriguez,nicolewarner@example.org,Volkswagen
564,Alan,Clark,daniellelittle@example.net,Volvo
565,Chloe,Martinez,gloverchris@example.net,Ford
566,Gary,Sanchez,amyberry@example.com,Nissan
567,Nicholas,Lawson,hendersonamy@example.org,Lexus
568,Rebecca,Wiggins,tmorris@example.com,Audi
569,Jennifer,Richmond,carsondonald@example.org,Jeep
570,Eric,Allen,schneiderpatricia@example.org,Jeep
571,Daniel,Jones,tkelly@example.org,Lexus
572,Sheila,Mckinney,martinmartinez@example.com,Chevrolet
573,David,French,joann20@example.org,Volkswagen
574,Adrian,Davis,friedmanjim@example.org,Volkswagen
575,Alyssa,Chavez,stephanieeaton@example.org,Subaru
576,Joe,Austin,millerjenna@example.org,Cadillac
577,Donald,Martin,stewartmichael@example.com,Jaguar
578,Mark,Mclaughlin,crystal18@example.com,Jaguar
579,Elizabeth,Rodriguez,adriana31@example.org,Volvo
580,Lindsay,Rodriguez,qhuang@example.org,BMW
581,Jennifer,Miller,ramosvincent@example.org,Honda
582,Jennifer,Stout,melissareese@example.com,Chevrolet
583,Brian,Hardy,maddoxhaley@example.net,Cadillac
584,Roy,Parker,henrytimothy@example.org,Volvo
585,Sarah,Clements,shannon60@example.net,Honda
586,Kimberly,Glenn,matthew24@example.net,Jeep
587,Jessica,Cordova,tranjared@example.com,Porsche
588,Brandi,Green,mking@example.org,GMC
589,Denise,Ellis,petercampos@example.com,Lexus
590,Holly,Dennis,tammygolden@example.net,Jaguar
591,Sandra,Burton,dana21@example.com,BMW
592,Laura,Mccarthy,nicole08@example.net,Cadillac
593,Patricia,Mayer,chris66@example.org,GMC
594,Michael,Russell,sherri77@example.com,Nissan
595,Steven,Gray,renee36@example.com,Chevrolet
596,Andrew,Richards,briangonzalez@example.com,Buick
597,Maria,Walker,mitchellanthony@example.com,Buick
598,Benjamin,Jones,danieldavis@example.org,Jeep
599,Brenda,Valdez,christopher89@example.org,Dodge
600,Amanda,Parker,vickienielsen@example.net,Ford
601,Christine,Garcia,hollysmith@example.net,Acura
602,Joseph,Phillips,kimberlyyates@example.net,Toyota
603,Elizabeth,Payne,latasha55@example.com,Acura
604,Kathryn,Marshall,mcphersonkimberly@example.com,Audi
605,Dennis,Craig,davistiffany@example.com,Cadillac
606,Shawn,Phelps,bstephenson@example.org,Jaguar
607,Jackson,Turner,michaelbartlett@example.net,GMC
608,Anita,Riddle,uryan@example.org,Audi
609,Andrea,Swanson,baileyvictoria@example.com,Buick
610,Whitney,Morgan,nbooth@example.net,Lexus
611,Paula,Allen,wayne88@example.com,Ford
612,Jennifer,Fowler,debrarobles@example.org,BMW
613,Jason,Miller,kathyarnold@example.com,Subaru
614,Richard,Rogers,sandra23@example.org,Volkswagen
615,Patrick,Lutz,clarkaudrey@example.com,Volvo
616,Nicole,Patrick,staceygreen@example.org,Honda
617,Rebecca,Young,taylorjohn@example.org,Mercedes-Benz
618,Philip,Wolf,xmccarty@example.org,GMC
619,Troy,Wilson,macdonalddominic@example.net,Porsche
620,John,Copeland,thomas13@example.net,GMC
621,David,Allen,sarah24@example.org,Audi
622,Andrea,Scott,christinaperez@example.net,Porsche
623,William,Edwards,,
624,Jennifer,Zuniga,,
625,Steven,Mcdaniel,,
626,Justin,Austin,,
627,Anthony,Smith,,
628,Jacob,Williams,,
629,Christina,Davis,,
630,Joshua,Fisher,cynthia83@example.net,BMW
631,Todd,Williams,valdezpatricia@example.com,Cadillac
632,Keith,Warren,whawkins@example.org,Volvo
633,Danielle,Perkins,gregorysalazar@example.com,Toyota
634,Matthew,Owen,pattonnatalie@example.org,Acura
635,Claudia,Whitney,brucelong@example.net,Jaguar
636,Kaitlin,Smith,michaelhowell@example.net,GMC
637,Brittany,Anderson,oortega@example.com,Cadillac
638,Matthew,Mcclure,danaalexander@example.org,Chevrolet
639,Ryan,Wilson,donaldrobinson@example.org,Acura
640,Tanya,Sloan,snyderalexander@example.com,Acura
641,Kimberly,Baker,sevans@example.net,Lexus
642,Valerie,Tapia,rebekah48@example.net,Chevrolet
643,Hannah,Brown,michael83@example.com,Acura
644,George,Flowers,ewebster@example.net,GMC
645,Dorothy,Edwards,wendycooley@example.com,Jeep
646,Anna,Sullivan,shawnflores@example.org,GMC
647,Chase,Cuevas,david91@example.org,Volvo
648,Matthew,Cochran,hlopez@example.org,Buick
649,Diane,Hayes,james28@example.com,Jaguar
650,Victoria,Carr,staceysilva@example.org,Chevrolet
651,Darlene,Manning,kmccarthy@example.net,Buick
652,Nancy,Coleman,lburnett@example.com,Chevrolet
653,Mark,Lam,connie10@example.org,Subaru
654,Timothy,Taylor,clarkmark@example.net,Jeep
655,Randy,Cox,mwilliams@example.org,Jeep
656,Thomas,Hill,christopherrodriguez@example.org,Buick
657,Philip,Aguirre,psteele@example.com,Chevrolet
658,Nicholas,Lopez,cindyjohnson@example.com,Jeep
659,Jennifer,Powell,phillip75@example.com,Jaguar
660,Marcus,Webb,wujoseph@example.org,Dodge
661,Susan,Moody,catherinecurtis@example.net,Buick
662,Michael,Cooley,davisdrew@example.org,Lexus
663,Kent,Green,vasquezstacey@example.com,Volvo
664,Dawn,Johnson,wmartin@example.com,Chevrolet
665,Andrew,Bullock,laura00@example.org,Dodge
666,Robert,Cherry,victor29@example.net,Jeep
667,Mary,Boone,gcampbell@example.net,Audi
668,Stephen,Carter,igreen@example.com,Subaru
669,Christopher,Stanley,clopez@example.com,Dodge
670,David,Jones,lhicks@example.net,Ford
671,Angela,Norris,kwang@example.org,Buick
672,Deborah,Livingston,coopermarcus@example.com,Acura
673,Robert,Hernandez,rdominguez@example.org,Volkswagen
674,Jesse,Baker,ethanowens@example.org,Audi
675,Mark,Allen,freynolds@example.org,Nissan
676,Nicole,Davies,marybell@example.com,Dodge
677,Daniel,Parker,perrynancy@example.net,Cadillac
678,Martha,Morgan,juananderson@example.com,Dodge
679,Benjamin,Gardner,igarcia@example.org,Audi
680,Austin,Edwards,ifields@example.net,Buick
681,Tommy,Miller,shannon48@example.com,Buick
682,Michelle,Joseph,diazamy@example.net,Honda
683,Tyler,Gillespie,pgarcia@example.net,Volvo
684,Theresa,Tanner,jonathan33@example.net,Subaru
685,Elizabeth,Hill,ballardkeith@example.com,BMW
686,Robert,Clark,nicole24@example.com,Audi
687,Jacob,Wise,alopez@example.org,Volkswagen
688,Dominique,Lozano,sjohnson@example.org,Acura
689,Gary,King,zbullock@example.net,Audi
690,Tiffany,Hicks,stevensmartha@example.net,Mercedes-Benz
691,Stanley,Lee,qparks@example.org,Volvo
692,Pamela,Davis,,
693,Stephanie,Day,,
694,Mario,Tucker,,
695,Tiffany,Graham,,
696,Barbara,Davis,,
697,Gary,Bell,,
698,Daniel,Evans,,
699,Jessica,Cabrera,,
700,Blake,Thompson,,
701,Ashlee,Brown,summersjessica@example.org,Chevrolet
702,Jodi,Greer,robert43@example.net,Volkswagen
703,Michelle,Neal,clyons@example.net,Jaguar
704,Laurie,Rodriguez,megan43@example.org,Chevrolet
705,Rebecca,Mckenzie,mdavies@example.org,Jeep
706,Judith,Chase,tarabradford@example.org,Honda
707,Lynn,Fernandez,pgarcia@example.net,Volvo
708,Eric,Rodriguez,cwright@example.net,Ford
709,Jennifer,Jacobs,crystalingram@example.net,Cadillac
710,Eric,Stephenson,lewischristy@example.net,Volkswagen
711,Bridget,Meyers,richardjackson@example.com,BMW
712,George,King,gonzalezelizabeth@example.org,Volkswagen
713,Gregory,Brown,harrisonsarah@example.org,BMW
714,Dawn,Anderson,dalvarez@example.org,Audi
715,Eric,Snow,fmiller@example.org,Chevrolet
716,Christopher,Powell,voneal@example.com,BMW
717,Kristen,Griffith,hammondlisa@example.org,Volvo
718,Kyle,Rangel,zspencer@example.com,Jeep
719,Michelle,Wise,sabrina66@example.org,Buick
720,Mark,Garner,angelica55@example.net,Mercedes-Benz
721,Roy,Davis,schneidereugene@example.org,Cadillac
722,Tony,Davies,michellevaldez@example.org,Cadillac
723,Joshua,Barron,tschneider@example.org,Mercedes-Benz
724,James,Phillips,ijordan@example.net,Acura
725,Joel,Sanchez,tryan@example.org,Volkswagen
726,Darrell,Jimenez,jacob81@example.com,BMW
727,Julian,Cooper,watkinsolivia@example.org,Jaguar
728,Zachary,Barry,gking@example.com,Lexus
729,Kaylee,Casey,vaughnjoseph@example.com,Volvo
730,Alexis,Garcia,andrecollins@example.com,Jaguar
731,Dwayne,Wise,conniejackson@example.org,Jaguar
732,Jeffrey,Morris,tammy53@example.org,Jaguar
733,Erin,Williams,vrodriguez@example.org,Subaru
734,Brittany,Harvey,gary82@example.com,Honda
735,Kevin,Lewis,xgross@example.net,Porsche
736,Christopher,Page,,
737,Lynn,Hunter,,
738,Leon,Rojas,,
739,Frank,Higgins,,
740,Deanna,Villanueva,xharris@example.net,Audi
741,Richard,Carpenter,uphillips@example.com,Dodge
742,Jennifer,Walters,ireid@example.net,Honda
743,Donna,Nguyen,brownamy@example.net,Porsche
744,Steven,Blankenship,hrobles@example.net,Nissan
745,Kathleen,West,xfrazier@example.org,GMC
746,Crystal,Shea,morrispeter@example.net,Jaguar
747,Joseph,Avila,cindy11@example.net,GMC
748,Jason,West,nicole94@example.net,Chevrolet
749,Brenda,Salazar,cynthia17@example.net,BMW
750,Elizabeth,Perez,dakotamarshall@example.net,Ford
751,Jeffery,Doyle,jessica61@example.org,Lexus
752,Elizabeth,Mckinney,rodriguezsusan@example.org,Toyota
753,Scott,Williams,clarkjason@example.org,Jaguar
754,Kyle,Brady,kathylevy@example.com,Chevrolet
755,Walter,Mcdonald,kaitlynvelasquez@example.net,Mercedes-Benz
756,Jared,Jackson,sandrasullivan@example.com,Mercedes-Benz
757,Jacob,Diaz,hernandezmanuel@example.com,Toyota
758,Tammy,Cox,christophersanchez@example.com,Audi
759,Lisa,Walsh,tpaul@example.com,Cadillac
760,Ashley,York,sara06@example.net,Volkswagen
761,Frank,Vang,carterdorothy@example.org,Porsche
762,Shawn,Wright,joshua54@example.org,Jaguar
763,Travis,Hampton,katrinawilkins@example.com,Buick
764,Christopher,Lewis,autumn81@example.net,Dodge
765,Kimberly,Odom,ygreen@example.net,Acura
766,Stephanie,Wilcox,joycescott@example.org,Audi
767,Paul,Jones,bellsharon@example.com,Chevrolet
768,Gabrielle,Brown,paul77@example.net,Dodge
769,Dave,Walker,johnhill@example.net,Buick
770,Anthony,Kane,patriciaparks@example.com,BMW
771,Stephanie,Sandoval,ericamatthews@example.com,Volkswagen
772,Scott,Bruce,corey03@example.com,Toyota
773,Kelsey,James,jacksonthomas@example.net,Honda
774,Alexis,Barrera,kperez@example.org,Honda
775,Vanessa,Ellis,ccox@example.org,Porsche
776,John,Jones,amybell@example.org,Toyota
777,Aaron,Clay,grace76@example.com,Toyota
778,Sheena,Todd,jacqueline13@example.org,Volvo
779,Stephen,Blake,johnsonjennifer@example.com,Cadillac
780,Anna,Davis,pmeadows@example.net,Ford
781,Felicia,Turner,john70@example.org,Honda
782,Jeremiah,Flores,ashley44@example.com,Chevrolet
783,Lisa,Johnson,adamjacobson@example.org,Jeep
784,Tara,Conley,benjaminsmith@example.net,Acura
785,Jillian,Pearson,,
786,Brandon,Rojas,,
787,Curtis,Villegas,willisdanielle@example.net,
788,Larry,Sanders,sharongarcia@example.org,Audi
789,Derek,Christian,scottvictor@example.net,BMW
790,Ernest,Gonzales,nelsonkelly@example.org,Nissan
791,Steven,Peterson,ikennedy@example.net,Mercedes-Benz
792,Susan,Morgan,anna96@example.net,Audi
793,Joseph,Johnson,toniwalker@example.org,Nissan
794,Jamie,Ramirez,,
795,Lori,Roberts,,
796,Marc,Alvarez,,
797,Garrett,Glover,,
798,Kyle,Henderson,,
799,Diane,Mcdonald,,
800,Theresa,Lawson,fitzgeraldanthony@example.com,Audi
801,Rebecca,Smith,mclaughlinana@example.com,Acura
802,Karina,Roberts,matthewprince@example.net,Buick
803,Adrian,Jones,mooreamy@example.org,Buick
804,Dawn,Blackwell,ihebert@example.net,Subaru
805,George,Lawson,danielhughes@example.net,Buick
806,Linda,Harris,zshah@example.com,Nissan
807,Amy,Smith,xferguson@example.com,Volkswagen
808,Gregory,Hatfield,loganjohnson@example.com,Subaru
809,Karen,May,scott60@example.org,Honda
810,Melissa,Hughes,yrichard@example.net,Buick
811,Cheryl,Hernandez,daniel64@example.net,GMC
812,Hunter,Salas,kwebster@example.org,Buick
813,Jeffrey,Thomas,nathan38@example.net,Toyota
814,Dawn,Fowler,michael89@example.com,Jeep
815,Tyrone,Newman,ballpaul@example.com,Honda
816,Bobby,Garcia,mlane@example.com,Jeep
817,Ryan,Henry,colleenharris@example.org,Jaguar
818,Sandra,Harris,murrayjoann@example.com,Cadillac
819,Alexandria,White,saraking@example.org,Nissan
820,Jessica,Smith,justin02@example.net,Ford
821,Tracy,Price,daviselizabeth@example.org,Volkswagen
822,Joseph,Hill,ppena@example.net,Chevrolet
823,Timothy,Anderson,,
824,Brett,Park,,
825,Dawn,Marsh,,
826,Kevin,Cook,,
827,William,Allen,,
828,Samuel,Richardson,leonardmarcus@example.org,Buick
829,Dennis,Richard,ugarcia@example.net,Buick
830,Joshua,Bailey,michelle55@example.org,Buick
831,David,Sims,evansjennifer@example.net,Buick
832,Marc,Scott,barrettpamela@example.net,Porsche
833,Timothy,Atkins,woodschristian@example.com,Ford
834,Melissa,Garcia,evanpatel@example.org,Ford
835,Eric,Odonnell,lynchsamuel@example.com,Dodge
836,Kyle,Bolton,zshort@example.org,Volvo
837,Kurt,Hicks,katherineharrison@example.com,Cadillac
838,Michael,Faulkner,brian59@example.org,Buick
839,John,Flores,,
840,William,Booth,,
841,Michael,Gill,,
842,Mikayla,Lucero,,
843,Kimberly,Miller,carolyncastillo@example.com,Dodge
844,Michael,Schaefer,tallen@example.org,Mercedes-Benz
845,Dylan,Turner,estradadiana@example.org,Buick
846,Charles,Stout,wflores@example.net,GMC
847,Collin,Mckinney,bellchristian@example.net,Audi
848,Troy,Mckee,craig40@example.com,Cadillac
849,Holly,Krueger,williamreed@example.com,Toyota
850,Brooke,Ramirez,jamesfitzgerald@example.com,Acura
851,Tamara,Adams,chapmandaniel@example.org,Ford
852,Bethany,Walls,ladams@example.org,Acura
853,Craig,Sexton,richardnicole@example.com,Buick
854,Travis,Chung,xmccoy@example.org,Jeep
855,Christopher,Knight,rachel92@example.com,Cadillac
856,Mary,Guerrero,justinwalters@example.net,Volkswagen
857,Mark,Webb,toddpatterson@example.com,Lexus
858,Timothy,Montgomery,alyssawilliams@example.net,Subaru
859,Carl,King,lwhitney@example.net,Cadillac
860,Amanda,Vega,michael51@example.org,Volvo
861,Laura,Wheeler,brockwalter@example.org,Honda
862,Patrick,Jones,thomasdonaldson@example.net,Jaguar
863,Jacob,Johnston,ujones@example.net,Honda
864,Glenn,Adams,sandra99@example.com,GMC
865,Chelsea,Brooks,lisa99@example.org,Lexus
866,Kelly,Hurst,jessica89@example.com,Mercedes-Benz
867,Thomas,Grant,daymark@example.com,Volkswagen
868,Ruben,Marshall,amyhall@example.net,Subaru
869,Matthew,Jackson,usmith@example.org,Mercedes-Benz
870,Tiffany,Cooper,pharrell@example.org,Volvo
871,Robert,Gray,elizabethmorgan@example.org,Jaguar
872,Lindsey,Franklin,prosario@example.com,Toyota
873,Andrew,Thompson,rharding@example.com,Porsche
874,Kimberly,Schroeder,mejiachase@example.org,Jaguar
875,Scott,Smith,melissaedwards@example.com,Jaguar
876,Lawrence,Perkins,william06@example.org,Volvo
877,Nathan,Warner,edwardrodriguez@example.net,Ford
878,Melissa,Dunn,dillonjohnny@example.com,Audi
879,Kathleen,Byrd,lsimon@example.net,GMC
880,Cathy,Schroeder,blanchardstanley@example.net,Volvo
881,Matthew,Davis,agonzales@example.net,Audi
882,Andrew,Rivera,mcolon@example.com,Volkswagen
883,Alice,Smith,pswanson@example.com,Ford
884,Janice,Gentry,mandynunez@example.org,Jeep
885,Scott,Martinez,jessica24@example.org,Cadillac
886,Brandon,Stephens,nmurray@example.com,GMC
887,William,Brady,pdelgado@example.com,Volkswagen
888,Joseph,Carney,davidcook@example.org,Subaru
889,Erika,Jones,elliottlori@example.org,BMW
890,Sandra,Snyder,samantha28@example.org,Mercedes-Benz
891,Heather,Gonzalez,lisavelez@example.net,Honda
892,Linda,Fox,robertwalker@example.com,GMC
893,Shane,Perez,victoria75@example.net,Chevrolet
894,Todd,Mann,courtney32@example.org,Cadillac
895,Raymond,Taylor,michaeljackson@example.com,Acura
896,Connie,Obrien,benjamin90@example.com,Porsche
897,Danny,Mcdaniel,boltondorothy@example.org,Jeep
898,Ryan,Austin,richard01@example.net,BMW
899,Marc,Cook,qmiller@example.org,Acura
900,Mark,Cunningham,erin11@example.org,Buick
901,Brian,Smith,cohenmary@example.net,Lexus
902,Brandi,Cooper,masonwilliam@example.net,Toyota
903,Kevin,Johnson,halltimothy@example.org,Buick
904,Joseph,Morrow,diane22@example.net,Jaguar
905,Jessica,Ponce,jennifer74@example.com,GMC
906,Andrew,Campbell,salazarjennifer@example.com,Dodge
907,Michelle,Wallace,adambuckley@example.org,BMW
908,Joshua,Webster,jenkinsanthony@example.com,Dodge
909,Kristen,Olson,lesliejenkins@example.net,Acura
910,Michael,Jones,deborahhubbard@example.net,Buick
911,Karen,Huffman,mcintoshjason@example.com,Buick
912,Gregory,Miller,xwall@example.com,Nissan
913,Tasha,Jones,melissanelson@example.net,GMC
914,Michele,Adams,debbiewatson@example.com,Volvo
915,Grant,Harvey,gerald29@example.com,BMW
916,Aaron,Hayes,mirandateresa@example.net,Cadillac
917,Amber,Wilson,lrich@example.net,Buick
918,Katherine,Goodman,warethomas@example.net,Toyota
919,Todd,Vaughn,blang@example.org,Toyota
920,Jennifer,Salazar,lauramedina@example.org,Volvo
921,Robert,Carter,karenprice@example.net,Jeep
922,Mark,Fields,castanedalaura@example.com,Jaguar
923,Kristen,Johnson,xjacobs@example.org,Audi
924,Thomas,Stevenson,swallace@example.com,Cadillac
925,Justin,Smith,cohentimothy@example.net,Volvo
926,David,Miller,clopez@example.net,Ford
927,Jeffrey,Garcia,cmcmahon@example.com,Toyota
928,Matthew,Hale,gguzman@example.net,Subaru
929,Carlos,Vasquez,flopez@example.com,Toyota
930,Ann,Burns,patrickelliott@example.com,Subaru
931,Stacey,Duncan,,
932,Dillon,Bennett,,
933,Ray,Robertson,,
934,Vanessa,Buckley,,
935,Heather,Robinson,mschmidt@example.net,Volvo
936,Monica,Ford,justinrichards@example.org,Jaguar
937,Abigail,Miller,qmurphy@example.com,BMW
938,Sharon,Holt,monique63@example.com,Toyota
939,Linda,Flowers,erin87@example.org,Ford
940,Kimberly,Gallagher,christopher83@example.org,BMW
941,Jeff,Anderson,robinsonlee@example.org,Acura
942,Ashley,Brown,davishunter@example.org,Audi
943,Diane,Christian,jose95@example.com,Cadillac
944,Kelly,Nichols,gonzalezleah@example.org,Jaguar
945,Ana,Smith,carolynpalmer@example.com,Honda
946,Anna,Crane,ylopez@example.org,Jeep
947,Holly,Valentine,vespinoza@example.net,Cadillac
948,Kenneth,Baker,chensean@example.com,Volkswagen
949,Shane,Hawkins,bherrera@example.net,BMW
950,Joseph,Gonzalez,faith02@example.com,Mercedes-Benz
951,Jeffery,Washington,skim@example.net,Cadillac
952,Ronald,Jones,tammie60@example.org,Honda
953,Derrick,Bullock,brittneyjackson@example.com,Buick
954,Paul,Cunningham,kjohnson@example.net,Volvo
955,Matthew,Taylor,larsonangela@example.net,GMC
956,Debbie,Brown,shawn32@example.org,Subaru
957,Oscar,King,amandaharris@example.net,Dodge
958,Marilyn,Bowers,james20@example.com,Volkswagen
959,Michael,Cannon,murraychelsea@example.com,Porsche
960,Michelle,Figueroa,james77@example.org,Cadillac
961,Anita,Berger,lauren29@example.net,Jaguar
962,Erin,Howard,belindaalvarez@example.org,Jaguar
963,Jessica,Murray,michaeljacobson@example.org,Nissan
964,Sharon,Butler,,
965,Andrea,Thompson,,
966,David,Garcia,,
967,Mark,Murillo,hwatson@example.net,Chevrolet
968,Rebecca,Johnson,lisamiller@example.net,Cadillac
969,Jennifer,Banks,ralphmiller@example.net,Lexus
970,Matthew,Cox,qthompson@example.com,Volvo
971,Lauren,Martinez,brooksamy@example.org,Subaru
972,Angela,Whitaker,steventucker@example.org,Acura
973,John,Bowman,santanarobert@example.org,Honda
974,Holly,Flores,juliehowell@example.com,Volkswagen
975,Lydia,Mathis,whouse@example.org,Acura
976,Michael,Kim,gsutton@example.org,Acura
977,Sabrina,Rodriguez,robinsondonna@example.org,Chevrolet
978,Dennis,Black,raypatricia@example.com,Cadillac
979,Elizabeth,Jones,xsmith@example.net,Toyota
980,Aaron,Hogan,blackkristin@example.org,Ford
981,Jeffrey,White,munozkimberly@example.net,Jaguar
982,Michael,Howard,bartontanya@example.org,Lexus
983,John,Ponce,leecassandra@example.org,Ford
984,Stacy,Miller,paulbecker@example.com,Chevrolet
985,Danielle,Carter,yavila@example.net,GMC
986,Joel,Johnson,jroth@example.com,Toyota
987,Eric,Hanson,craigdaniel@example.net,Chevrolet
988,Brandon,Johnson,pruittmadeline@example.com,BMW
989,Richard,Farmer,claudiadavis@example.org,Nissan
990,Kevin,Hoffman,brianfoley@example.net,Volkswagen
991,Crystal,Bennett,,
992,Andrew,Patrick,,
993,Joseph,Jones,tranmichael@example.net,BMW
994,Richard,Reed,mark77@example.net,Audi
995,Rebecca,Stanley,francolisa@example.net,Subaru
996,Tracy,Gomez,masonmark@example.com,Toyota
997,Melanie,Oneill,stran@example.com,Honda
998,Brittany,Campbell,jamie35@example.org,Cadillac
999,Martin,Rivera,rebecca95@example.org,GMC