Year,State,LocationDesc,GeographicLevel,Class,Topic,Death_Rate,Data_Value_Unit
2015,New York,Saratoga County,County,Cardiovascular Diseases,Heart Disease,363.48,"per 100,000 population"
2015,Texas,Travis County,County,Cardiovascular Diseases,Heart Disease,435.4,"per 100,000 population"
2015,California,Tulare County,County,Cardiovascular Diseases,Heart Disease,394.27,"per 100,000 population"
2015,Ohio,Miami County,County,Cardiovascular Diseases,Heart Disease,525.12,"per 100,000 population"
2015,Ohio,Mahoning County,County,Cardiovascular Diseases,Heart Disease,416.35,"per 100,000 population"
2015,New York,Schenectady County,County,Cardiovascular Diseases,Heart Disease,449.11,"per 100,000 population"
2015,California,Calaveras County,County,Cardiovascular Diseases,Heart Disease,438.89,"per 100,000 population"
2015,New York,Cayuga County,County,Cardiovascular Diseases,Heart Disease,447.53,"per 100,000 population"
2015,Ohio,Morgan County,County,Cardiovascular Diseases,Heart Disease,510.42,"per 100,000 population"
2015,California,Stanislaus County,County,Cardiovascular Diseases,Heart Disease,402.45,"per 100,000 population"
2015,Texas,Smith County,County,Cardiovascular Diseases,Heart Disease,517.01,"per 100,000 population"
2015,New York,Erie County,County,Cardiovascular Diseases,Heart Disease,455.23,"per 100,000 population"
2015,California,Sonoma County,County,Cardiovascular Diseases,Heart Disease,453.53,"per 100,000 population"
2015,Washington,King County,County,Cardiovascular Diseases,Heart Disease,478.31,"per 100,000 population"
2015,Ohio,Butler County,County,Cardiovascular Diseases,Heart Disease,404.53,"per 100,000 population"
2015,California,Kern County,County,Cardiovascular Diseases,Heart Disease,440.66,"per 100,000 population"
2015,California,Los Angeles County,County,Cardiovascular Diseases,Heart Disease,400.42,"per 100,000 population"
2015,California,Shasta County,County,Cardiovascular Diseases,Heart Disease,425.18,"per 100,000 population"
2015,Washington,King County,County,Cardiovascular Diseases,Heart Disease,458.73,"per 100,000 population"
2015,California,San Joaquin County,County,Cardiovascular Diseases,Heart Disease,353.29,"per 100,000 population"
2015,New York,Madison County,County,Cardiovascular Diseases,Heart Disease,414.25,"per 100,000 population"
2015,Texas,Fayette County,County,Cardiovascular Diseases,Heart Disease,483.79,"per 100,000 population"
2015,Texas,Harris County,County,Cardiovascular Diseases,Heart Disease,392.86,"per 100,000 population"
2015,Washington,Okanogan County,County,Cardiovascular Diseases,Heart Disease,357.51,"per 100,000 population"
2015,Texas,Lubbock County,County,Cardiovascular Diseases,Heart Disease,381.83,"per 100,000 population"
2015,California,Riverside County,County,Cardiovascular Diseases,Heart Disease,377.83,"per 100,000 population"
2015,Texas,Kleberg County,County,Cardiovascular Diseases,Heart Disease,445.86,"per 100,000 population"
2015,Texas,Fisher County,County,Cardiovascular Diseases,Heart Disease,435.47,"per 100,000 population"
2015,Ohio,Trumbull County,County,Cardiovascular Diseases,Heart Disease,415.48,"per 100,000 population"
2015,Washington,Wahkiakum County,County,Cardiovascular Diseases,Heart Disease,391.1,"per 100,000 population"
2015,California,San Bernardino County,County,Cardiovascular Diseases,Heart Disease,421.52,"per 100,000 population"
2015,California,Tulare County,County,Cardiovascular Diseases,Heart Disease,405.65,"per 100,000 population"
2015,Texas,Clay County,County,Cardiovascular Diseases,Heart Disease,470.35,"per 100,000 population"
2015,Texas,Hall County,County,Cardiovascular Diseases,Heart Disease,447.24,"per 100,000 population"
2015,New York,Westchester County,County,Cardiovascular Diseases,Heart Disease,461.92,"per 100,000 population"
2015,Texas,Anderson County,County,Cardiovascular Diseases,Heart Disease,387.53,"per 100,000 population"
2015,Ohio,Wayne County,County,Cardiovascular Diseases,Heart Disease,398.52,"per 100,000 population"
2015,Texas,Bastrop County,County,Cardiovascular Diseases,Heart Disease,427.35,"per 100,000 population"
2015,New York,Cortland County,County,Cardiovascular Diseases,Heart Disease,422.24,"per 100,000 population"
2015,California,Los Angeles County,County,Cardiovascular Diseases,Heart Disease,500.34,"per 100,000 population"
2015,Washington,Clallam County,County,Cardiovascular Diseases,Heart Disease,410.3,"per 100,000 population"
2015,Texas,Bell County,County,Cardiovascular Diseases,Heart Disease,467.01,"per 100,000 population"
2015,California,Sacramento County,County,Cardiovascular Diseases,Heart Disease,386.22,"per 100,000 population"
2015,California,Sonoma County,County,Cardiovascular Diseases,Heart Disease,473.56,"per 100,000 population"
2015,Washington,Grays Harbor County,County,Cardiovascular Diseases,Heart Disease,392.77,"per 100,000 population"
2015,Texas,Reagan County,County,Cardiovascular Diseases,Heart Disease,425.2,"per 100,000 population"
2015,Washington,Pierce County,County,Cardiovascular Diseases,Heart Disease,415.18,"per 100,000 population"
2015,New York,Nassau County,County,Cardiovascular Diseases,Heart Disease,390.59,"per 100,000 population"
2015,Texas,Goliad County,County,Cardiovascular Diseases,Heart Disease,413.57,"per 100,000 population"
2015,New York,Monroe County,County,Cardiovascular Diseases,Heart Disease,425.06,"per 100,000 population"
2015,Texas,Nueces County,County,Cardiovascular Diseases,Heart Disease,412.64,"per 100,000 population"
2015,Ohio,Seneca County,County,Cardiovascular Diseases,Heart Disease,339.88,"per 100,000 population"
2015,Ohio,Holmes County,County,Cardiovascular Diseases,Heart Disease,407.1,"per 100,000 population"
2015,Ohio,Cuyahoga County,County,Cardiovascular Diseases,Heart Disease,471.45,"per 100,000 population"
2015,New York,Chenango County,County,Cardiovascular Diseases,Heart Disease,449.2,"per 100,000 population"
2015,New York,Jefferson County,County,Cardiovascular Diseases,Heart Disease,438.71,"per 100,000 population"
2015,New York,Nassau County,County,Cardiovascular Diseases,Heart Disease,484.08,"per 100,000 population"
2015,Texas,Reeves County,County,Cardiovascular Diseases,Heart Disease,420.42,"per 100,000 population"
2015,Ohio,Butler County,County,Cardiovascular Diseases,Heart Disease,429.0,"per 100,000 population"
2015,Texas,Brown County,County,Cardiovascular Diseases,Heart Disease,401.2,"per 100,000 population"
2015,California,San Diego County,County,Cardiovascular Diseases,Heart Disease,485.59,"per 100,000 population"
2015,Texas,Travis County,County,Cardiovascular Diseases,Heart Disease,429.77,"per 100,000 population"
2015,Texas,Hale County,County,Cardiovascular Diseases,Heart Disease,403.8,"per 100,000 population"
2015,New York,Warren County,County,Cardiovascular Diseases,Heart Disease,450.37,"per 100,000 population"
2015,California,Kern County,County,Cardiovascular Diseases,Heart Disease,440.91,"per 100,000 population"
2015,California,Los Angeles County,County,Cardiovascular Diseases,Heart Disease,497.16,"per 100,000 population"
2015,Texas,Hays County,County,Cardiovascular Diseases,Heart Disease,446.91,"per 100,000 population"
2015,Texas,Lubbock County,County,Cardiovascular Diseases,Heart Disease,416.56,"per 100,000 population"
2015,California,Lassen County,County,Cardiovascular Diseases,Heart Disease,394.18,"per 100,000 population"
2015,California,San Benito County,County,Cardiovascular Diseases,Heart Disease,424.65,"per 100,000 population"
2015,Ohio,Hamilton County,County,Cardiovascular Diseases,Heart Disease,460.78,"per 100,000 population"
2015,California,Kern County,County,Cardiovascular Diseases,Heart Disease,464.26,"per 100,000 population"
2015,Washington,Pierce County,County,Cardiovascular Diseases,Heart Disease,444.16,"per 100,000 population"
2015,California,Orange County,County,Cardiovascular Diseases,Heart Disease,438.19,"per 100,000 population"
2015,New York,Essex County,County,Cardiovascular Diseases,Heart Disease,417.35,"per 100,000 population"
2015,Washington,Skagit County,County,Cardiovascular Diseases,Heart Disease,356.71,"per 100,000 population"
2015,California,San Joaquin County,County,Cardiovascular Diseases,Heart Disease,448.84,"per 100,000 population"
2015,California,San Luis Obispo County,County,Cardiovascular Diseases,Heart Disease,341.24,"per 100,000 population"
2015,Ohio,Jefferson County,County,Cardiovascular Diseases,Heart Disease,384.85,"per 100,000 population"
2015,New York,Queens County,County,Cardiovascular Diseases,Heart Disease,380.79,"per 100,000 population"
2015,Texas,Tarrant County,County,Cardiovascular Diseases,Heart Disease,424.39,"per 100,000 population"
2015,Ohio,Cuyahoga County,County,Cardiovascular Diseases,Heart Disease,436.74,"per 100,000 population"
2015,Texas,Guadalupe County,County,Cardiovascular Diseases,Heart Disease,417.34,"per 100,000 population"
2015,Texas,Harris County,County,Cardiovascular Diseases,Heart Disease,448.43,"per 100,000 population"
2015,Ohio,Greene County,County,Cardiovascular Diseases,Heart Disease,392.1,"per 100,000 population"
2015,Washington,Thurston County,County,Cardiovascular Diseases,Heart Disease,432.4,"per 100,000 population"
2015,California,Riverside County,County,Cardiovascular Diseases,Heart Disease,474.38,"per 100,000 population"
2015,California,Yolo County,County,Cardiovascular Diseases,Heart Disease,480.61,"per 100,000 population"
2015,California,Riverside County,County,Cardiovascular Diseases,Heart Disease,396.56,"per 100,000 population"
2015,California,Modoc County,County,Cardiovascular Diseases,Heart Disease,416.19,"per 100,000 population"
2015,Texas,Harris County,County,Cardiovascular Diseases,Heart Disease,444.98,"per 100,000 population"
2015,Ohio,Columbiana County,County,Cardiovascular Diseases,Heart Disease,463.72,"per 100,000 population"
2015,California,Napa County,County,Cardiovascular Diseases,Heart Disease,419.42,"per 100,000 population"
2015,Texas,Lavaca County,County,Cardiovascular Diseases,Heart Disease,408.97,"per 100,000 population"
2015,California,Butte County,County,Cardiovascular Diseases,Heart Disease,378.06,"per 100,000 population"
2015,New York,Orange County,County,Cardiovascular Diseases,Heart Disease,484.34,"per 100,000 population"
2015,Washington,King County,County,Cardiovascular Diseases,Heart Disease,439.86,"per 100,000 population"
2015,New York,Orange County,County,Cardiovascular Diseases,Heart Disease,410.66,"per 100,000 population"
2015,California,San Diego County,County,Cardiovascular Diseases,Heart Disease,447.15,"per 100,000 population"
2015,New York,Sullivan County,County,Cardiovascular Diseases,Heart Disease,466.89,"per 100,000 population"
2015,Texas,Hill County,County,Cardiovascular Diseases,Heart Disease,486.06,"per 100,000 population"
2015,Texas,Rusk County,County,Cardiovascular Diseases,Heart Disease,441.46,"per 100,000 population"
2015,California,Yolo County,County,Cardiovascular Diseases,Heart Disease,405.94,"per 100,000 population"
2015,New York,New York County,County,Cardiovascular Diseases,Heart Disease,441.59,"per 100,000 population"
2015,California,Napa County,County,Cardiovascular Diseases,Heart Disease,431.99,"per 100,000 population"
2015,California,Fresno County,County,Cardiovascular Diseases,Heart Disease,435.21,"per 100,000 population"
2015,Texas,Harris County,County,Cardiovascular Diseases,Heart Disease,437.51,"per 100,000 population"
2015,Texas,Morris County,County,Cardiovascular Diseases,Heart Disease,428.3,"per 100,000 population"
2015,Texas,El Paso County,County,Cardiovascular Diseases,Heart Disease,378.02,"per 100,000 population"
2015,Texas,Montgomery County,County,Cardiovascular Diseases,Heart Disease,412.69,"per 100,000 population"
2015,California,Marin County,County,Cardiovascular Diseases,Heart Disease,371.73,"per 100,000 population"
2015,Ohio,Scioto County,County,Cardiovascular Diseases,Heart Disease,436.99,"per 100,000 population"
2015,New York,Warren County,County,Cardiovascular Diseases,Heart Disease,490.04,"per 100,000 population"
2015,Texas,Tyler County,County,Cardiovascular Diseases,Heart Disease,441.94,"per 100,000 population"
2015,New York,Madison County,County,Cardiovascular Diseases,Heart Disease,402.93,"per 100,000 population"
2015,Texas,Wilson County,County,Cardiovascular Diseases,Heart Disease,428.82,"per 100,000 population"
2015,Texas,Dallas County,County,Cardiovascular Diseases,Heart Disease,386.74,"per 100,000 population"
2015,Texas,Harris County,County,Cardiovascular Diseases,Heart Disease,421.02,"per 100,000 population"
2015,Texas,Fisher County,County,Cardiovascular Diseases,Heart Disease,482.04,"per 100,000 population"
2015,Washington,King County,County,Cardiovascular Diseases,Heart Disease,407.19,"per 100,000 population"
2015,California,San Diego County,County,Cardiovascular Diseases,Heart Disease,439.2,"per 100,000 population"
2015,New York,Broome County,County,Cardiovascular Diseases,Heart Disease,449.93,"per 100,000 population"
2015,New York,Queens County,County,Cardiovascular Diseases,Heart Disease,440.06,"per 100,000 population"
2015,Ohio,Mercer County,County,Cardiovascular Diseases,Heart Disease,413.99,"per 100,000 population"
2015,Texas,Uvalde County,County,Cardiovascular Diseases,Heart Disease,413.7,"per 100,000 population"
2015,New York,Erie County,County,Cardiovascular Diseases,Heart Disease,476.77,"per 100,000 population"
2015,New York,Suffolk County,County,Cardiovascular Diseases,Heart Disease,425.37,"per 100,000 population"
2015,Ohio,Jefferson County,County,Cardiovascular Diseases,Heart Disease,420.35,"per 100,000 population"
2015,Texas,Scurry County,County,Cardiovascular Diseases,Heart Disease,417.85,"per 100,000 population"
2015,Texas,Reeves County,County,Cardiovascular Diseases,Heart Disease,421.42,"per 100,000 population"
2015,Washington,Yakima County,County,Cardiovascular Diseases,Heart Disease,451.17,"per 100,000 population"
2015,Washington,Lewis County,County,Cardiovascular Diseases,Heart Disease,376.69,"per 100,000 population"
2015,New York,Washington County,County,Cardiovascular Diseases,Heart Disease,451.0,"per 100,000 population"
2015,Washington,Yakima County,County,Cardiovascular Diseases,Heart Disease,398.26,"per 100,000 population"
2015,Texas,Denton County,County,Cardiovascular Diseases,Heart Disease,465.92,"per 100,000 population"
2015,New York,Albany County,County,Cardiovascular Diseases,Heart Disease,368.92,"per 100,000 population"
2015,New York,Nassau County,County,Cardiovascular Diseases,Heart Disease,406.54,"per 100,000 population"
2015,New York,Orange County,County,Cardiovascular Diseases,Heart Disease,407.67,"per 100,000 population"
2015,New York,Clinton County,County,Cardiovascular Diseases,Heart Disease,387.33,"per 100,000 population"
2015,California,Santa Clara County,County,Cardiovascular Diseases,Heart Disease,485.9,"per 100,000 population"
2015,New York,Allegany County,County,Cardiovascular Diseases,Heart Disease,403.66,"per 100,000 population"
2015,California,Tehama County,County,Cardiovascular Diseases,Heart Disease,468.95,"per 100,000 population"
2015,Ohio,Huron County,County,Cardiovascular Diseases,Heart Disease,417.84,"per 100,000 population"
2015,New York,Erie County,County,Cardiovascular Diseases,Heart Disease,443.86,"per 100,000 population"
2015,Ohio,Scioto County,County,Cardiovascular Diseases,Heart Disease,458.04,"per 100,000 population"
2015,California,Alameda County,County,Cardiovascular Diseases,Heart Disease,438.73,"per 100,000 population"
2015,Texas,Montague County,County,Cardiovascular Diseases,Heart Disease,492.99,"per 100,000 population"
2015,Ohio,Gallia County,County,Cardiovascular Diseases,Heart Disease,399.24,"per 100,000 population"
2015,New York,New York County,County,Cardiovascular Diseases,Heart Disease,416.81,"per 100,000 population"
2015,Texas,Guadalupe County,County,Cardiovascular Diseases,Heart Disease,474.33,"per 100,000 population"
2015,Texas,Williamson County,County,Cardiovascular Diseases,Heart Disease,371.17,"per 100,000 population"
2015,California,Tuolumne County,County,Cardiovascular Diseases,Heart Disease,426.26,"per 100,000 population"
2015,New York,Sullivan County,County,Cardiovascular Diseases,Heart Disease,421.38,"per 100,000 population"
2015,California,San Joaquin County,County,Cardiovascular Diseases,Heart Disease,434.29,"per 100,000 population"
2015,California,Los Angeles County,County,Cardiovascular Diseases,Heart Disease,410.88,"per 100,000 population"
2015,New York,Westchester County,County,Cardiovascular Diseases,Heart Disease,432.33,"per 100,000 population"
2015,Texas,Potter County,County,Cardiovascular Diseases,Heart Disease,416.06,"per 100,000 population"
2015,New York,Onondaga County,County,Cardiovascular Diseases,Heart Disease,455.72,"per 100,000 population"
2015,Texas,Jim Wells County,County,Cardiovascular Diseases,Heart Disease,477.18,"per 100,000 population"
2015,Ohio,Jackson County,County,Cardiovascular Diseases,Heart Disease,376.66,"per 100,000 population"
2015,Texas,Ward County,County,Cardiovascular Diseases,Heart Disease,455.7,"per 100,000 population"
2015,Texas,Cameron County,County,Cardiovascular Diseases,Heart Disease,431.18,"per 100,000 population"
2015,Ohio,Lucas County,County,Cardiovascular Diseases,Heart Disease,416.46,"per 100,000 population"
2015,California,Santa Clara County,County,Cardiovascular Diseases,Heart Disease,418.51,"per 100,000 population"
2015,New York,Orange County,County,Cardiovascular Diseases,Heart Disease,442.16,"per 100,000 population"
2015,California,San Diego County,County,Cardiovascular Diseases,Heart Disease,349.6,"per 100,000 population"
2015,Ohio,Hamilton County,County,Cardiovascular Diseases,Heart Disease,438.71,"per 100,000 population"
2015,California,Contra Costa County,County,Cardiovascular Diseases,Heart Disease,416.01,"per 100,000 population"
2015,Ohio,Hamilton County,County,Cardiovascular Diseases,Heart Disease,338.91,"per 100,000 population"
2015,Texas,Travis County,County,Cardiovascular Diseases,Heart Disease,386.81,"per 100,000 population"
2015,Ohio,Lucas County,County,Cardiovascular Diseases,Heart Disease,419.06,"per 100,000 population"
2015,Ohio,Pickaway County,County,Cardiovascular Diseases,Heart Disease,450.07,"per 100,000 population"
2015,New York,Queens County,County,Cardiovascular Diseases,Heart Disease,391.34,"per 100,000 population"
2015,California,Merced County,County,Cardiovascular Diseases,Heart Disease,408.75,"per 100,000 population"
2015,New York,Albany County,County,Cardiovascular Diseases,Heart Disease,404.9,"per 100,000 population"
2015,Texas,Gonzales County,County,Cardiovascular Diseases,Heart Disease,494.87,"per 100,000 population"
2015,Ohio,Washington County,County,Cardiovascular Diseases,Heart Disease,409.67,"per 100,000 population"
2015,New York,Schuyler County,County,Cardiovascular Diseases,Heart Disease,351.32,"per 100,000 population"
2015,California,Amador County,County,Cardiovascular Diseases,Heart Disease,415.78,"per 100,000 population"
2015,Texas,Haskell County,County,Cardiovascular Diseases,Heart Disease,426.39,"per 100,000 population"
2015,Texas,Harris County,County,Cardiovascular Diseases,Heart Disease,481.09,"per 100,000 population"
2015,California,Santa Clara County,County,Cardiovascular Diseases,Heart Disease,445.46,"per 100,000 population"
2015,Texas,Brazoria County,County,Cardiovascular Diseases,Heart Disease,475.47,"per 100,000 population"
2015,Texas,Lamar County,County,Cardiovascular Diseases,Heart Disease,364.26,"per 100,000 population"
2015,Ohio,Henry County,County,Cardiovascular Diseases,Heart Disease,473.3,"per 100,000 population"
2015,Texas,Denton County,County,Cardiovascular Diseases,Heart Disease,422.48,"per 100,000 population"
2015,Texas,Washington County,County,Cardiovascular Diseases,Heart Disease,502.1,"per 100,000 population"
2015,Washington,King County,County,Cardiovascular Diseases,Heart Disease,416.46,"per 100,000 population"
2015,Ohio,Union County,County,Cardiovascular Diseases,Heart Disease,464.31,"per 100,000 population"
2015,Washington,Okanogan County,County,Cardiovascular Diseases,Heart Disease,418.04,"per 100,000 population"
2015,California,Marin County,County,Cardiovascular Diseases,Heart Disease,444.71,"per 100,000 population"
2015,Texas,El Paso County,County,Cardiovascular Diseases,Heart Disease,469.5,"per 100,000 population"
2015,California,Los Angeles County,County,Cardiovascular Diseases,Heart Disease,402.6,"per 100,000 population"
2015,Texas,Runnels County,County,Cardiovascular Diseases,Heart Disease,438.81,"per 100,000 population"
2015,Texas,Palo Pinto County,County,Cardiovascular Diseases,Heart Disease,405.03,"per 100,000 population"
2015,Texas,Titus County,County,Cardiovascular Diseases,Heart Disease,407.9,"per 100,000 population"
2015,California,Santa Cruz County,County,Cardiovascular Diseases,Heart Disease,420.05,"per 100,000 population"
2015,New York,New York County,County,Cardiovascular Diseases,Heart Disease,445.89,"per 100,000 population"
2015,California,San Diego County,County,Cardiovascular Diseases,Heart Disease,411.82,"per 100,000 population"
2015,California,Riverside County,County,Cardiovascular Diseases,Heart Disease,413.84,"per 100,000 population"
2015,Texas,Harrison County,County,Cardiovascular Diseases,Heart Disease,353.71,"per 100,000 population"
2015,New York,Cayuga County,County,Cardiovascular Diseases,Heart Disease,386.29,"per 100,000 population"
2015,Ohio,Summit County,County,Cardiovascular Diseases,Heart Disease,439.42,"per 100,000 population"
2015,Texas,Brazos County,County,Cardiovascular Diseases,Heart Disease,384.64,"per 100,000 population"
2015,California,Sacramento County,County,Cardiovascular Diseases,Heart Disease,384.94,"per 100,000 population"
2015,Ohio,Montgomery County,County,Cardiovascular Diseases,Heart Disease,396.76,"per 100,000 population"
2015,California,Placer County,County,Cardiovascular Diseases,Heart Disease,443.62,"per 100,000 population"
2015,New York,Ulster County,County,Cardiovascular Diseases,Heart Disease,385.12,"per 100,000 population"
2015,Ohio,Shelby County,County,Cardiovascular Diseases,Heart Disease,353.58,"per 100,000 population"
2015,New York,Greene County,County,Cardiovascular Diseases,Heart Disease,360.18,"per 100,000 population"
2015,Ohio,Wood County,County,Cardiovascular Diseases,Heart Disease,429.69,"per 100,000 population"
2015,New York,Saratoga County,County,Cardiovascular Diseases,Heart Disease,448.42,"per 100,000 population"
2015,New York,Greene County,County,Cardiovascular Diseases,Heart Disease,385.9,"per 100,000 population"
2015,New York,Cayuga County,County,Cardiovascular Diseases,Heart Disease,451.67,"per 100,000 population"
2015,Washington,Clallam County,County,Cardiovascular Diseases,Heart Disease,439.89,"per 100,000 population"
2015,New York,Ulster County,County,Cardiovascular Diseases,Heart Disease,433.02,"per 100,000 population"
2015,New York,Greene County,County,Cardiovascular Diseases,Heart Disease,408.83,"per 100,000 population"
2015,Ohio,Warren County,County,Cardiovascular Diseases,Heart Disease,467.77,"per 100,000 population"
2015,Ohio,Logan County,County,Cardiovascular Diseases,Heart Disease,431.36,"per 100,000 population"
2015,California,Los Angeles County,County,Cardiovascular Diseases,Heart Disease,406.77,"per 100,000 population"
2015,California,Ventura County,County,Cardiovascular Diseases,Heart Disease,404.04,"per 100,000 population"
2015,Texas,Cochran County,County,Cardiovascular Diseases,Heart Disease,416.67,"per 100,000 population"
2015,California,San Bernardino County,County,Cardiovascular Diseases,Heart Disease,462.46,"per 100,000 population"
2015,California,Fresno County,County,Cardiovascular Diseases,Heart Disease,399.76,"per 100,000 population"
2015,Texas,El Paso County,County,Cardiovascular Diseases,Heart Disease,469.01,"per 100,000 population"
2015,New York,Nassau County,County,Cardiovascular Diseases,Heart Disease,356.41,"per 100,000 population"
2015,Texas,Midland County,County,Cardiovascular Diseases,Heart Disease,354.7,"per 100,000 population"
2015,Texas,Smith County,County,Cardiovascular Diseases,Heart Disease,439.93,"per 100,000 population"
2015,New York,Queens County,County,Cardiovascular Diseases,Heart Disease,346.73,"per 100,000 population"
2015,Texas,Garza County,County,Cardiovascular Diseases,Heart Disease,439.72,"per 100,000 population"
2015,Ohio,Van Wert County,County,Cardiovascular Diseases,Heart Disease,431.76,"per 100,000 population"
2015,Texas,Walker County,County,Cardiovascular Diseases,Heart Disease,450.88,"per 100,000 population"
2015,California,San Joaquin County,County,Cardiovascular Diseases,Heart Disease,414.46,"per 100,000 population"
2015,California,Sacramento County,County,Cardiovascular Diseases,Heart Disease,393.83,"per 100,000 population"
2015,Texas,Houston County,County,Cardiovascular Diseases,Heart Disease,426.19,"per 100,000 population"
2015,Texas,Fort Bend County,County,Cardiovascular Diseases,Heart Disease,478.54,"per 100,000 population"
2015,Texas,Harris County,County,Cardiovascular Diseases,Heart Disease,428.87,"per 100,000 population"
2015,New York,Onondaga County,County,Cardiovascular Diseases,Heart Disease,450.67,"per 100,000 population"
2015,California,Placer County,County,Cardiovascular Diseases,Heart Disease,405.22,"per 100,000 population"
2015,New York,Erie County,County,Cardiovascular Diseases,Heart Disease,452.75,"per 100,000 population"
2015,Ohio,Washington County,County,Cardiovascular Diseases,Heart Disease,385.73,"per 100,000 population"
2015,Texas,Harris County,County,Cardiovascular Diseases,Heart Disease,491.88,"per 100,000 population"
2015,California,Imperial County,County,Cardiovascular Diseases,Heart Disease,439.82,"per 100,000 population"
2015,Washington,Adams County,County,Cardiovascular Diseases,Heart Disease,387.52,"per 100,000 population"
2015,New York,Herkimer County,County,Cardiovascular Diseases,Heart Disease,386.85,"per 100,000 population"
2015,Ohio,Richland County,County,Cardiovascular Diseases,Heart Disease,470.73,"per 100,000 population"
2015,Texas,Bell County,County,Cardiovascular Diseases,Heart Disease,401.76,"per 100,000 population"
2015,New York,Kings County,County,Cardiovascular Diseases,Heart Disease,417.07,"per 100,000 population"
2015,Texas,Wood County,County,Cardiovascular Diseases,Heart Disease,362.4,"per 100,000 population"
2015,California,Fresno County,County,Cardiovascular Diseases,Heart Disease,406.26,"per 100,000 population"
2015,Ohio,Hamilton County,County,Cardiovascular Diseases,Heart Disease,428.32,"per 100,000 population"
2015,California,Los Angeles County,County,Cardiovascular Diseases,Heart Disease,354.72,"per 100,000 population"
2015,New York,Washington County,County,Cardiovascular Diseases,Heart Disease,386.55,"per 100,000 population"
2015,New York,Jefferson County,County,Cardiovascular Diseases,Heart Disease,404.58,"per 100,000 population"
2015,California,Alameda County,County,Cardiovascular Diseases,Heart Disease,388.85,"per 100,000 population"
2015,Texas,Dallas County,County,Cardiovascular Diseases,Heart Disease,427.59,"per 100,000 population"
2015,Texas,Jefferson County,County,Cardiovascular Diseases,Heart Disease,425.74,"per 100,000 population"
2015,Ohio,Montgomery County,County,Cardiovascular Diseases,Heart Disease,322.74,"per 100,000 population"
2015,Texas,Hidalgo County,County,Cardiovascular Diseases,Heart Disease,396.05,"per 100,000 population"
2015,Texas,Harris County,County,Cardiovascular Diseases,Heart Disease,460.26,"per 100,000 population"
2015,Texas,Harris County,County,Cardiovascular Diseases,Heart Disease,454.82,"per 100,000 population"
2015,New York,Madison County,County,Cardiovascular Diseases,Heart Disease,475.93,"per 100,000 population"
2015,California,Fresno County,County,Cardiovascular Diseases,Heart Disease,482.28,"per 100,000 population"
2015,California,Sonoma County,County,Cardiovascular Diseases,Heart Disease,408.98,"per 100,000 population"
2015,Washington,Pacific County,County,Cardiovascular Diseases,Heart Disease,423.03,"per 100,000 population"
2015,California,Lassen County,County,Cardiovascular Diseases,Heart Disease,400.49,"per 100,000 population"
2015,New York,Westchester County,County,Cardiovascular Diseases,Heart Disease,445.81,"per 100,000 population"
2015,New York,Rensselaer County,County,Cardiovascular Diseases,Heart Disease,418.94,"per 100,000 population"
2015,California,Humboldt County,County,Cardiovascular Diseases,Heart Disease,379.43,"per 100,000 population"
2015,New York,Westchester County,County,Cardiovascular Diseases,Heart Disease,458.27,"per 100,000 population"
2015,Texas,Nueces County,County,Cardiovascular Diseases,Heart Disease,403.78,"per 100,000 population"
2015,Texas,Walker County,County,Cardiovascular Diseases,Heart Disease,357.39,"per 100,000 population"
2015,Texas,Newton County,County,Cardiovascular Diseases,Heart Disease,448.36,"per 100,000 population"
2015,Washington,Snohomish County,County,Cardiovascular Diseases,Heart Disease,501.34,"per 100,000 population"
2015,California,Los Angeles County,County,Cardiovascular Diseases,Heart Disease,389.79,"per 100,000 population"
2015,Ohio,Morrow County,County,Cardiovascular Diseases,Heart Disease,495.33,"per 100,000 population"
2015,Texas,Liberty County,County,Cardiovascular Diseases,Heart Disease,425.43,"per 100,000 population"
2015,New York,Suffolk County,County,Cardiovascular Diseases,Heart Disease,390.85,"per 100,000 population"
2015,California,San Bernardino County,County,Cardiovascular Diseases,Heart Disease,308.77,"per 100,000 population"
2015,Texas,Marion County,County,Cardiovascular Diseases,Heart Disease,444.45,"per 100,000 population"
2015,Texas,Floyd County,County,Cardiovascular Diseases,Heart Disease,489.1,"per 100,000 population"
2015,California,San Diego County,County,Cardiovascular Diseases,Heart Disease,449.04,"per 100,000 population"
2015,Texas,Dimmit County,County,Cardiovascular Diseases,Heart Disease,333.01,"per 100,000 population"
2015,Ohio,Cuyahoga County,County,Cardiovascular Diseases,Heart Disease,378.43,"per 100,000 population"
2015,Ohio,Lucas County,County,Cardiovascular Diseases,Heart Disease,416.28,"per 100,000 population"
2015,Texas,Lubbock County,County,Cardiovascular Diseases,Heart Disease,447.2,"per 100,000 population"
2015,Texas,Brazoria County,County,Cardiovascular Diseases,Heart Disease,436.08,"per 100,000 population"
2015,New York,Nassau County,County,Cardiovascular Diseases,Heart Disease,412.6,"per 100,000 population"
2015,California,San Diego County,County,Cardiovascular Diseases,Heart Disease,357.94,"per 100,000 population"
2015,California,Ventura County,County,Cardiovascular Diseases,Heart Disease,457.34,"per 100,000 population"
2015,California,Los Angeles County,County,Cardiovascular Diseases,Heart Disease,447.7,"per 100,000 population"
2015,Texas,Dallas County,County,Cardiovascular Diseases,Heart Disease,395.7,"per 100,000 population"
2015,Washington,Walla Walla County,County,Cardiovascular Diseases,Heart Disease,424.15,"per 100,000 population"
2015,California,Placer County,County,Cardiovascular Diseases,Heart Disease,422.42,"per 100,000 population"
2015,California,Contra Costa County,County,Cardiovascular Diseases,Heart Disease,432.81,"per 100,000 population"
2015,California,Riverside County,County,Cardiovascular Diseases,Heart Disease,408.54,"per 100,000 population"
2015,Ohio,Delaware County,County,Cardiovascular Diseases,Heart Disease,343.8,"per 100,000 population"
2015,Texas,Caldwell County,County,Cardiovascular Diseases,Heart Disease,440.46,"per 100,000 population"
2015,Texas,Grayson County,County,Cardiovascular Diseases,Heart Disease,493.67,"per 100,000 population"
2015,California,Alameda County,County,Cardiovascular Diseases,Heart Disease,386.38,"per 100,000 population"
2015,California,Plumas County,County,Cardiovascular Diseases,Heart Disease,484.01,"per 100,000 population"
2015,Texas,Hartley County,County,Cardiovascular Diseases,Heart Disease,469.92,"per 100,000 population"
2015,Ohio,Cuyahoga County,County,Cardiovascular Diseases,Heart Disease,492.99,"per 100,000 population"
2015,New York,Orange County,County,Cardiovascular Diseases,Heart Disease,411.4,"per 100,000 population"
2015,California,Los Angeles County,County,Cardiovascular Diseases,Heart Disease,389.43,"per 100,000 population"
2015,Ohio,Logan County,County,Cardiovascular Diseases,Heart Disease,403.32,"per 100,000 population"
2015,Ohio,Wayne County,County,Cardiovascular Diseases,Heart Disease,412.27,"per 100,000 population"
2015,California,Fresno County,County,Cardiovascular Diseases,Heart Disease,448.09,"per 100,000 population"
2015,California,Ventura County,County,Cardiovascular Diseases,Heart Disease,378.35,"per 100,000 population"
2015,Texas,Sabine County,County,Cardiovascular Diseases,Heart Disease,368.89,"per 100,000 population"
2015,New York,Bronx County,County,Cardiovascular Diseases,Heart Disease,417.92,"per 100,000 population"
2015,Texas,McLennan County,County,Cardiovascular Diseases,Heart Disease,407.41,"per 100,000 population"
2015,Washington,Grays Harbor County,County,Cardiovascular Diseases,Heart Disease,458.94,"per 100,000 population"
2015,Ohio,Hamilton County,County,Cardiovascular Diseases,Heart Disease,461.25,"per 100,000 population"
2015,New York,Orange County,County,Cardiovascular Diseases,Heart Disease,463.81,"per 100,000 population"
2015,California,Mendocino County,County,Cardiovascular Diseases,Heart Disease,438.82,"per 100,000 population"
2015,California,Los Angeles County,County,Cardiovascular Diseases,Heart Disease,466.84,"per 100,000 population"
2015,Texas,Rockwall County,County,Cardiovascular Diseases,Heart Disease,452.27,"per 100,000 population"
2015,Washington,King County,County,Cardiovascular Diseases,Heart Disease,430.76,"per 100,000 population"
2015,Ohio,Trumbull County,County,Cardiovascular Diseases,Heart Disease,440.13,"per 100,000 population"
2015,New York,Suffolk County,County,Cardiovascular Diseases,Heart Disease,409.09,"per 100,000 population"
2015,California,Los Angeles County,County,Cardiovascular Diseases,Heart Disease,406.4,"per 100,000 population"
2015,Texas,Wheeler County,County,Cardiovascular Diseases,Heart Disease,398.04,"per 100,000 population"
2015,Texas,Hale County,County,Cardiovascular Diseases,Heart Disease,436.55,"per 100,000 population"
2015,New York,Albany County,County,Cardiovascular Diseases,Heart Disease,417.69,"per 100,000 population"
2015,Ohio,Wyandot County,County,Cardiovascular Diseases,Heart Disease,398.59,"per 100,000 population"
2015,Texas,Waller County,County,Cardiovascular Diseases,Heart Disease,406.45,"per 100,000 population"
2015,California,Los Angeles County,County,Cardiovascular Diseases,Heart Disease,392.12,"per 100,000 population"
2015,New York,Chemung County,County,Cardiovascular Diseases,Heart Disease,471.47,"per 100,000 population"
2015,Texas,Wharton County,County,Cardiovascular Diseases,Heart Disease,349.62,"per 100,000 population"
2015,California,Orange County,County,Cardiovascular Diseases,Heart Disease,417.81,"per 100,000 population"
2015,California,San Diego County,County,Cardiovascular Diseases,Heart Disease,413.81,"per 100,000 population"
2015,Texas,Cherokee County,County,Cardiovascular Diseases,Heart Disease,460.25,"per 100,000 population"
2015,New York,Kings County,County,Cardiovascular Diseases,Heart Disease,430.97,"per 100,000 population"
2015,California,Fresno County,County,Cardiovascular Diseases,Heart Disease,429.29,"per 100,000 population"
2015,California,Orange County,County,Cardiovascular Diseases,Heart Disease,422.7,"per 100,000 population"
2015,New York,Delaware County,County,Cardiovascular Diseases,Heart Disease,438.15,"per 100,000 population"
2015,Washington,Pierce County,County,Cardiovascular Diseases,Heart Disease,488.64,"per 100,000 population"
2015,Texas,Bell County,County,Cardiovascular Diseases,Heart Disease,458.33,"per 100,000 population"
2015,Texas,Pecos County,County,Cardiovascular Diseases,Heart Disease,323.39,"per 100,000 population"
2015,California,Los Angeles County,County,Cardiovascular Diseases,Heart Disease,448.01,"per 100,000 population"
2015,Ohio,Stark County,County,Cardiovascular Diseases,Heart Disease,455.31,"per 100,000 population"
2015,California,Los Angeles County,County,Cardiovascular Diseases,Heart Disease,481.41,"per 100,000 population"
2015,Ohio,Putnam County,County,Cardiovascular Diseases,Heart Disease,340.25,"per 100,000 population"
2015,California,Orange County,County,Cardiovascular Diseases,Heart Disease,452.38,"per 100,000 population"
2015,New York,Columbia County,County,Cardiovascular Diseases,Heart Disease,528.77,"per 100,000 population"
2015,Texas,Robertson County,County,Cardiovascular Diseases,Heart Disease,503.07,"per 100,000 population"
2015,Texas,Montgomery County,County,Cardiovascular Diseases,Heart Disease,465.44,"per 100,000 population"
2015,California,San Francisco County,County,Cardiovascular Diseases,Heart Disease,394.71,"per 100,000 population"
2015,New York,Essex County,County,Cardiovascular Diseases,Heart Disease,432.8,"per 100,000 population"
2015,New York,New York County,County,Cardiovascular Diseases,Heart Disease,526.69,"per 100,000 population"
2015,New York,Chemung County,County,Cardiovascular Diseases,Heart Disease,440.4,"per 100,000 population"
2015,Ohio,Stark County,County,Cardiovascular Diseases,Heart Disease,401.82,"per 100,000 population"
2015,New York,Herkimer County,County,Cardiovascular Diseases,Heart Disease,430.0,"per 100,000 population"
2015,Texas,Harris County,County,Cardiovascular Diseases,Heart Disease,449.23,"per 100,000 population"
2015,Ohio,Wyandot County,County,Cardiovascular Diseases,Heart Disease,395.91,"per 100,000 population"
2015,Ohio,Warren County,County,Cardiovascular Diseases,Heart Disease,483.85,"per 100,000 population"
2015,Texas,Lubbock County,County,Cardiovascular Diseases,Heart Disease,368.92,"per 100,000 population"
2015,Texas,Ellis County,County,Cardiovascular Diseases,Heart Disease,467.62,"per 100,000 population"
2015,Texas,Bexar County,County,Cardiovascular Diseases,Heart Disease,410.33,"per 100,000 population"
2015,Ohio,Trumbull County,County,Cardiovascular Diseases,Heart Disease,421.7,"per 100,000 population"
2015,Ohio,Union County,County,Cardiovascular Diseases,Heart Disease,503.81,"per 100,000 population"
2015,Texas,Nolan County,County,Cardiovascular Diseases,Heart Disease,418.56,"per 100,000 population"
2015,Texas,Hidalgo County,County,Cardiovascular Diseases,Heart Disease,445.89,"per 100,000 population"
2015,New York,Niagara County,County,Cardiovascular Diseases,Heart Disease,404.52,"per 100,000 population"
2015,New York,New York County,County,Cardiovascular Diseases,Heart Disease,456.66,"per 100,000 population"
2015,Texas,Tarrant County,County,Cardiovascular Diseases,Heart Disease,453.11,"per 100,000 population"
2015,California,Alameda County,County,Cardiovascular Diseases,Heart Disease,393.14,"per 100,000 population"
2015,New York,Cattaraugus County,County,Cardiovascular Diseases,Heart Disease,459.68,"per 100,000 population"
2015,Ohio,Hamilton County,County,Cardiovascular Diseases,Heart Disease,427.79,"per 100,000 population"
2015,California,Contra Costa County,County,Cardiovascular Diseases,Heart Disease,366.06,"per 100,000 population"
2015,Texas,Bexar County,County,Cardiovascular Diseases,Heart Disease,395.33,"per 100,000 population"
2015,Texas,Winkler County,County,Cardiovascular Diseases,Heart Disease,388.5,"per 100,000 population"
2015,California,Sacramento County,County,Cardiovascular Diseases,Heart Disease,417.32,"per 100,000 population"
2015,California,Tulare County,County,Cardiovascular Diseases,Heart Disease,517.34,"per 100,000 population"
2015,California,Merced County,County,Cardiovascular Diseases,Heart Disease,510.1,"per 100,000 population"
2015,Texas,El Paso County,County,Cardiovascular Diseases,Heart Disease,347.24,"per 100,000 population"
2015,New York,Albany County,County,Cardiovascular Diseases,Heart Disease,394.91,"per 100,000 population"
2015,New York,Nassau County,County,Cardiovascular Diseases,Heart Disease,385.06,"per 100,000 population"
2015,California,Ventura County,County,Cardiovascular Diseases,Heart Disease,446.76,"per 100,000 population"
2015,Texas,Gregg County,County,Cardiovascular Diseases,Heart Disease,422.32,"per 100,000 population"
2015,New York,Suffolk County,County,Cardiovascular Diseases,Heart Disease,437.57,"per 100,000 population"
2015,California,Los Angeles County,County,Cardiovascular Diseases,Heart Disease,360.01,"per 100,000 population"
2015,California,Sacramento County,County,Cardiovascular Diseases,Heart Disease,469.08,"per 100,000 population"
2015,New York,Queens County,County,Cardiovascular Diseases,Heart Disease,425.56,"per 100,000 population"
2015,Texas,Fort Bend County,County,Cardiovascular Diseases,Heart Disease,482.42,"per 100,000 population"
2015,Texas,Harris County,County,Cardiovascular Diseases,Heart Disease,417.06,"per 100,000 population"
2015,California,Riverside County,County,Cardiovascular Diseases,Heart Disease,378.52,"per 100,000 population"
2015,New York,Erie County,County,Cardiovascular Diseases,Heart Disease,485.97,"per 100,000 population"
2015,California,San Joaquin County,County,Cardiovascular Diseases,Heart Disease,492.36,"per 100,000 population"
2015,California,Orange County,County,Cardiovascular Diseases,Heart Disease,446.57,"per 100,000 population"
2015,Washington,Whitman County,County,Cardiovascular Diseases,Heart Disease,418.48,"per 100,000 population"
2015,Washington,Chelan County,County,Cardiovascular Diseases,Heart Disease,442.22,"per 100,000 population"
2015,Texas,Nueces County,County,Cardiovascular Diseases,Heart Disease,345.12,"per 100,000 population"
2015,Washington,King County,County,Cardiovascular Diseases,Heart Disease,461.16,"per 100,000 population"
2015,Ohio,Hamilton County,County,Cardiovascular Diseases,Heart Disease,439.22,"per 100,000 population"
2015,California,Los Angeles County,County,Cardiovascular Diseases,Heart Disease,391.73,"per 100,000 population"
2015,Texas,Live Oak County,County,Cardiovascular Diseases,Heart Disease,425.24,"per 100,000 population"
2015,Ohio,Stark County,County,Cardiovascular Diseases,Heart Disease,406.96,"per 100,000 population"
2015,California,Riverside County,County,Cardiovascular Diseases,Heart Disease,400.46,"per 100,000 population"
2015,California,San Luis Obispo County,County,Cardiovascular Diseases,Heart Disease,465.75,"per 100,000 population"
2015,California,Fresno County,County,Cardiovascular Diseases,Heart Disease,395.2,"per 100,000 population"
2015,California,Los Angeles County,County,Cardiovascular Diseases,Heart Disease,544.48,"per 100,000 population"
2015,Ohio,Trumbull County,County,Cardiovascular Diseases,Heart Disease,435.1,"per 100,000 population"
2015,New York,Suffolk County,County,Cardiovascular Diseases,Heart Disease,400.73,"per 100,000 population"
2015,Texas,Harris County,County,Cardiovascular Diseases,Heart Disease,377.26,"per 100,000 population"
2015,Texas,Hidalgo County,County,Cardiovascular Diseases,Heart Disease,419.73,"per 100,000 population"
2015,California,Los Angeles County,County,Cardiovascular Diseases,Heart Disease,437.18,"per 100,000 population"
2015,Ohio,Auglaize County,County,Cardiovascular Diseases,Heart Disease,347.6,"per 100,000 population"
2015,Ohio,Scioto County,County,Cardiovascular Diseases,Heart Disease,458.05,"per 100,000 population"
2015,Ohio,Cuyahoga County,County,Cardiovascular Diseases,Heart Disease,429.57,"per 100,000 population"
2015,California,Orange County,County,Cardiovascular Diseases,Heart Disease,509.95,"per 100,000 population"
2015,Washington,Yakima County,County,Cardiovascular Diseases,Heart Disease,438.19,"per 100,000 population"
2015,Washington,Spokane County,County,Cardiovascular Diseases,Heart Disease,429.46,"per 100,000 population"
2015,New York,New York County,County,Cardiovascular Diseases,Heart Disease,421.69,"per 100,000 population"
2015,Texas,McCulloch County,County,Cardiovascular Diseases,Heart Disease,477.39,"per 100,000 population"
2015,New York,Suffolk County,County,Cardiovascular Diseases,Heart Disease,388.31,"per 100,000 population"
2015,New York,Ulster County,County,Cardiovascular Diseases,Heart Disease,385.5,"per 100,000 population"
2015,Texas,Gaines County,County,Cardiovascular Diseases,Heart Disease,350.0,"per 100,000 population"
2015,California,Alameda County,County,Cardiovascular Diseases,Heart Disease,438.24,"per 100,000 population"
2015,Texas,Tarrant County,County,Cardiovascular Diseases,Heart Disease,408.04,"per 100,000 population"
2015,Ohio,Noble County,County,Cardiovascular Diseases,Heart Disease,424.6,"per 100,000 population"
2015,California,Tehama County,County,Cardiovascular Diseases,Heart Disease,427.06,"per 100,000 population"
2015,New York,Suffolk County,County,Cardiovascular Diseases,Heart Disease,407.21,"per 100,000 population"
2015,Texas,Comal County,County,Cardiovascular Diseases,Heart Disease,480.36,"per 100,000 population"
2015,New York,Wyoming County,County,Cardiovascular Diseases,Heart Disease,366.38,"per 100,000 population"
2015,Texas,Harris County,County,Cardiovascular Diseases,Heart Disease,389.95,"per 100,000 population"
2015,California,Humboldt County,County,Cardiovascular Diseases,Heart Disease,400.38,"per 100,000 population"
2015,Texas,Bexar County,County,Cardiovascular Diseases,Heart Disease,392.62,"per 100,000 population"
2015,New York,Erie County,County,Cardiovascular Diseases,Heart Disease,470.93,"per 100,000 population"
2015,Texas,Willacy County,County,Cardiovascular Diseases,Heart Disease,400.63,"per 100,000 population"
2015,California,Los Angeles County,County,Cardiovascular Diseases,Heart Disease,457.64,"per 100,000 population"
2015,Texas,Bexar County,County,Cardiovascular Diseases,Heart Disease,457.42,"per 100,000 population"
2015,Texas,McLennan County,County,Cardiovascular Diseases,Heart Disease,364.88,"per 100,000 population"
2015,Texas,Grayson County,County,Cardiovascular Diseases,Heart Disease,490.97,"per 100,000 population"
2015,Washington,Pierce County,County,Cardiovascular Diseases,Heart Disease,399.33,"per 100,000 population"
2015,Texas,Crane County,County,Cardiovascular Diseases,Heart Disease,382.79,"per 100,000 population"
2015,Ohio,Scioto County,County,Cardiovascular Diseases,Heart Disease,407.5,"per 100,000 population"
2015,California,Contra Costa County,County,Cardiovascular Diseases,Heart Disease,420.01,"per 100,000 population"
2015,Texas,Kaufman County,County,Cardiovascular Diseases,Heart Disease,388.28,"per 100,000 population"
2015,New York,Oswego County,County,Cardiovascular Diseases,Heart Disease,415.22,"per 100,000 population"
2015,California,Contra Costa County,County,Cardiovascular Diseases,Heart Disease,437.5,"per 100,000 population"
2015,New York,Suffolk County,County,Cardiovascular Diseases,Heart Disease,462.84,"per 100,000 population"
2015,New York,Schenectady County,County,Cardiovascular Diseases,Heart Disease,399.28,"per 100,000 population"
2015,Ohio,Clark County,County,Cardiovascular Diseases,Heart Disease,434.47,"per 100,000 population"
2015,New York,Onondaga County,County,Cardiovascular Diseases,Heart Disease,467.88,"per 100,000 population"
2015,Washington,King County,County,Cardiovascular Diseases,Heart Disease,449.21,"per 100,000 population"
2015,New York,Ontario County,County,Cardiovascular Diseases,Heart Disease,470.94,"per 100,000 population"
2015,California,Fresno County,County,Cardiovascular Diseases,Heart Disease,509.87,"per 100,000 population"
2015,Ohio,Licking County,County,Cardiovascular Diseases,Heart Disease,456.11,"per 100,000 population"
2015,New York,Columbia County,County,Cardiovascular Diseases,Heart Disease,467.39,"per 100,000 population"
2015,New York,Erie County,County,Cardiovascular Diseases,Heart Disease,390.35,"per 100,000 population"
2015,New York,Allegany County,County,Cardiovascular Diseases,Heart Disease,432.89,"per 100,000 population"
2015,New York,Ontario County,County,Cardiovascular Diseases,Heart Disease,384.64,"per 100,000 population"
2015,New York,Tioga County,County,Cardiovascular Diseases,Heart Disease,393.76,"per 100,000 population"
2015,Texas,Harris County,County,Cardiovascular Diseases,Heart Disease,423.15,"per 100,000 population"
2015,Texas,Tarrant County,County,Cardiovascular Diseases,Heart Disease,416.8,"per 100,000 population"
2015,California,San Bernardino County,County,Cardiovascular Diseases,Heart Disease,452.21,"per 100,000 population"
2015,Texas,Bexar County,County,Cardiovascular Diseases,Heart Disease,479.21,"per 100,000 population"
2015,New York,Nassau County,County,Cardiovascular Diseases,Heart Disease,419.77,"per 100,000 population"
2015,Texas,Anderson County,County,Cardiovascular Diseases,Heart Disease,426.51,"per 100,000 population"
2015,California,San Diego County,County,Cardiovascular Diseases,Heart Disease,489.53,"per 100,000 population"
2015,Texas,Coryell County,County,Cardiovascular Diseases,Heart Disease,400.55,"per 100,000 population"
2015,California,Tulare County,County,Cardiovascular Diseases,Heart Disease,442.21,"per 100,000 population"
2015,New York,Saratoga County,County,Cardiovascular Diseases,Heart Disease,402.44,"per 100,000 population"
2015,California,Sacramento County,County,Cardiovascular Diseases,Heart Disease,515.18,"per 100,000 population"
2015,Washington,Benton County,County,Cardiovascular Diseases,Heart Disease,471.52,"per 100,000 population"
2015,Texas,Angelina County,County,Cardiovascular Diseases,Heart Disease,452.58,"per 100,000 population"
2015,California,Los Angeles County,County,Cardiovascular Diseases,Heart Disease,454.69,"per 100,000 population"
2015,New York,Queens County,County,Cardiovascular Diseases,Heart Disease,394.37,"per 100,000 population"
2015,California,Los Angeles County,County,Cardiovascular Diseases,Heart Disease,465.4,"per 100,000 population"
2015,New York,Cattaraugus County,County,Cardiovascular Diseases,Heart Disease,530.57,"per 100,000 population"
2015,Texas,Harris County,County,Cardiovascular Diseases,Heart Disease,386.68,"per 100,000 population"
2015,New York,Broome County,County,Cardiovascular Diseases,Heart Disease,423.15,"per 100,000 population"
2015,Texas,Angelina County,County,Cardiovascular Diseases,Heart Disease,465.47,"per 100,000 population"
2015,California,Los Angeles County,County,Cardiovascular Diseases,Heart Disease,431.42,"per 100,000 population"
2015,California,San Diego County,County,Cardiovascular Diseases,Heart Disease,400.84,"per 100,000 population"
2015,Ohio,Franklin County,County,Cardiovascular Diseases,Heart Disease,439.01,"per 100,000 population"
2015,Texas,Hopkins County,County,Cardiovascular Diseases,Heart Disease,411.01,"per 100,000 population"
2015,New York,Chautauqua County,County,Cardiovascular Diseases,Heart Disease,388.44,"per 100,000 population"
2015,New York,Schenectady County,County,Cardiovascular Diseases,Heart Disease,398.14,"per 100,000 population"
2015,Texas,Wilson County,County,Cardiovascular Diseases,Heart Disease,381.07,"per 100,000 population"
2015,California,Riverside County,County,Cardiovascular Diseases,Heart Disease,347.7,"per 100,000 population"
2015,California,Santa Clara County,County,Cardiovascular Diseases,Heart Disease,358.17,"per 100,000 population"
2015,California,Kern County,County,Cardiovascular Diseases,Heart Disease,377.2,"per 100,000 population"
2015,Texas,McLennan County,County,Cardiovascular Diseases,Heart Disease,517.12,"per 100,000 population"
2015,Texas,Harris County,County,Cardiovascular Diseases,Heart Disease,500.6,"per 100,000 population"
2015,Texas,Maverick County,County,Cardiovascular Diseases,Heart Disease,435.0,"per 100,000 population"
2015,Ohio,Ross County,County,Cardiovascular Diseases,Heart Disease,461.86,"per 100,000 population"
2015,Ohio,Ashtabula County,County,Cardiovascular Diseases,Heart Disease,422.24,"per 100,000 population"
2015,California,Sacramento County,County,Cardiovascular Diseases,Heart Disease,386.18,"per 100,000 population"
2015,California,Orange County,County,Cardiovascular Diseases,Heart Disease,387.6,"per 100,000 population"
2015,Texas,El Paso County,County,Cardiovascular Diseases,Heart Disease,455.27,"per 100,000 population"
2015,New York,Saratoga County,County,Cardiovascular Diseases,Heart Disease,328.7,"per 100,000 population"
2015,Washington,Benton County,County,Cardiovascular Diseases,Heart Disease,377.92,"per 100,000 population"
2015,California,Los Angeles County,County,Cardiovascular Diseases,Heart Disease,383.95,"per 100,000 population"
2015,California,Merced County,County,Cardiovascular Diseases,Heart Disease,516.18,"per 100,000 population"
2015,California,San Bernardino County,County,Cardiovascular Diseases,Heart Disease,450.69,"per 100,000 population"
2015,Texas,Smith County,County,Cardiovascular Diseases,Heart Disease,449.53,"per 100,000 population"
2015,California,Los Angeles County,County,Cardiovascular Diseases,Heart Disease,448.31,"per 100,000 population"
2015,Ohio,Clermont County,County,Cardiovascular Diseases,Heart Disease,342.1,"per 100,000 population"
2015,New York,Monroe County,County,Cardiovascular Diseases,Heart Disease,430.74,"per 100,000 population"
2015,California,Contra Costa County,County,Cardiovascular Diseases,Heart Disease,410.14,"per 100,000 population"
2015,California,Los Angeles County,County,Cardiovascular Diseases,Heart Disease,489.54,"per 100,000 population"
2015,California,Fresno County,County,Cardiovascular Diseases,Heart Disease,376.86,"per 100,000 population"
2015,Washington,Grays Harbor County,County,Cardiovascular Diseases,Heart Disease,380.23,"per 100,000 population"
2015,California,Los Angeles County,County,Cardiovascular Diseases,Heart Disease,505.78,"per 100,000 population"
2015,Ohio,Summit County,County,Cardiovascular Diseases,Heart Disease,427.49,"per 100,000 population"
2015,Ohio,Lucas County,County,Cardiovascular Diseases,Heart Disease,425.04,"per 100,000 population"
2015,New York,Queens County,County,Cardiovascular Diseases,Heart Disease,403.22,"per 100,000 population"
2015,California,Alameda County,County,Cardiovascular Diseases,Heart Disease,423.07,"per 100,000 population"
2015,Washington,Thurston County,County,Cardiovascular Diseases,Heart Disease,394.6,"per 100,000 population"
2015,California,San Bernardino County,County,Cardiovascular Diseases,Heart Disease,395.51,"per 100,000 population"
2015,New York,Nassau County,County,Cardiovascular Diseases,Heart Disease,396.36,"per 100,000 population"
2015,California,Contra Costa County,County,Cardiovascular Diseases,Heart Disease,423.89,"per 100,000 population"
2015,New York,Suffolk County,County,Cardiovascular Diseases,Heart Disease,400.21,"per 100,000 population"
2015,Texas,Victoria County,County,Cardiovascular Diseases,Heart Disease,400.8,"per 100,000 population"
2015,Ohio,Ottawa County,County,Cardiovascular Diseases,Heart Disease,471.26,"per 100,000 population"
2015,California,Santa Barbara County,County,Cardiovascular Diseases,Heart Disease,353.72,"per 100,000 population"
2015,California,Los Angeles County,County,Cardiovascular Diseases,Heart Disease,469.41,"per 100,000 population"
2015,California,Mendocino County,County,Cardiovascular Diseases,Heart Disease,449.49,"per 100,000 population"
2015,Texas,Dallas County,County,Cardiovascular Diseases,Heart Disease,415.8,"per 100,000 population"
2015,Ohio,Morrow County,County,Cardiovascular Diseases,Heart Disease,470.38,"per 100,000 population"
2015,California,San Diego County,County,Cardiovascular Diseases,Heart Disease,434.59,"per 100,000 population"
2015,Texas,El Paso County,County,Cardiovascular Diseases,Heart Disease,397.81,"per 100,000 population"
2015,New York,Putnam County,County,Cardiovascular Diseases,Heart Disease,456.43,"per 100,000 population"
2015,Ohio,Hamilton County,County,Cardiovascular Diseases,Heart Disease,433.48,"per 100,000 population"
2015,Texas,El Paso County,County,Cardiovascular Diseases,Heart Disease,375.99,"per 100,000 population"
2015,Ohio,Ashland County,County,Cardiovascular Diseases,Heart Disease,487.29,"per 100,000 population"
2015,California,Placer County,County,Cardiovascular Diseases,Heart Disease,438.03,"per 100,000 population"
2015,Ohio,Jefferson County,County,Cardiovascular Diseases,Heart Disease,412.22,"per 100,000 population"
2015,California,San Diego County,County,Cardiovascular Diseases,Heart Disease,422.94,"per 100,000 population"
2015,New York,Suffolk County,County,Cardiovascular Diseases,Heart Disease,373.31,"per 100,000 population"
2015,California,Los Angeles County,County,Cardiovascular Diseases,Heart Disease,499.48,"per 100,000 population"
2015,New York,Cortland County,County,Cardiovascular Diseases,Heart Disease,447.25,"per 100,000 population"
2015,Texas,Dallas County,County,Cardiovascular Diseases,Heart Disease,465.27,"per 100,000 population"
2015,Texas,Dallas County,County,Cardiovascular Diseases,Heart Disease,351.8,"per 100,000 population"
2015,Washington,King County,County,Cardiovascular Diseases,Heart Disease,406.41,"per 100,000 population"
2015,Ohio,Stark County,County,Cardiovascular Diseases,Heart Disease,484.69,"per 100,000 population"
2015,New York,Steuben County,County,Cardiovascular Diseases,Heart Disease,487.9,"per 100,000 population"
2015,Texas,Dallas County,County,Cardiovascular Diseases,Heart Disease,373.06,"per 100,000 population"
2015,Texas,Colorado County,County,Cardiovascular Diseases,Heart Disease,424.77,"per 100,000 population"
2015,New York,Onondaga County,County,Cardiovascular Diseases,Heart Disease,468.38,"per 100,000 population"
2015,Texas,Harris County,County,Cardiovascular Diseases,Heart Disease,428.23,"per 100,000 population"
2015,Ohio,Warren County,County,Cardiovascular Diseases,Heart Disease,445.06,"per 100,000 population"
2015,New York,Hamilton County,County,Cardiovascular Diseases,Heart Disease,427.47,"per 100,000 population"
2015,Washington,Clark County,County,Cardiovascular Diseases,Heart Disease,417.2,"per 100,000 population"
2015,Ohio,Lake County,County,Cardiovascular Diseases,Heart Disease,448.85,"per 100,000 population"
2015,Texas,Collingsworth County,County,Cardiovascular Diseases,Heart Disease,409.22,"per 100,000 population"
2015,Texas,Bexar County,County,Cardiovascular Diseases,Heart Disease,398.25,"per 100,000 population"
2015,New York,Queens County,County,Cardiovascular Diseases,Heart Disease,441.55,"per 100,000 population"
2015,California,Sonoma County,County,Cardiovascular Diseases,Heart Disease,410.88,"per 100,000 population"
2015,New York,Oswego County,County,Cardiovascular Diseases,Heart Disease,426.26,"per 100,000 population"
2015,Texas,Walker County,County,Cardiovascular Diseases,Heart Disease,423.77,"per 100,000 population"
2015,Texas,Bexar County,County,Cardiovascular Diseases,Heart Disease,456.4,"per 100,000 population"
2015,California,Contra Costa County,County,Cardiovascular Diseases,Heart Disease,390.75,"per 100,000 population"
2015,Ohio,Stark County,County,Cardiovascular Diseases,Heart Disease,443.36,"per 100,000 population"
2015,Texas,Jim Hogg County,County,Cardiovascular Diseases,Heart Disease,368.07,"per 100,000 population"
2015,California,Los Angeles County,County,Cardiovascular Diseases,Heart Disease,520.73,"per 100,000 population"
2015,California,San Francisco County,County,Cardiovascular Diseases,Heart Disease,414.89,"per 100,000 population"
2015,Texas,San Jacinto County,County,Cardiovascular Diseases,Heart Disease,397.1,"per 100,000 population"
2015,Texas,Kerr County,County,Cardiovascular Diseases,Heart Disease,509.46,"per 100,000 population"
2015,Texas,Tarrant County,County,Cardiovascular Diseases,Heart Disease,339.45,"per 100,000 population"
2015,New York,Suffolk County,County,Cardiovascular Diseases,Heart Disease,479.06,"per 100,000 population"
2015,Texas,Shelby County,County,Cardiovascular Diseases,Heart Disease,428.67,"per 100,000 population"
2015,New York,Genesee County,County,Cardiovascular Diseases,Heart Disease,467.65,"per 100,000 population"
2015,Washington,Adams County,County,Cardiovascular Diseases,Heart Disease,436.25,"per 100,000 population"
2015,New York,Albany County,County,Cardiovascular Diseases,Heart Disease,398.54,"per 100,000 population"
2015,Texas,McLennan County,County,Cardiovascular Diseases,Heart Disease,412.94,"per 100,000 population"
2015,New York,Oswego County,County,Cardiovascular Diseases,Heart Disease,467.06,"per 100,000 population"
2015,California,Sacramento County,County,Cardiovascular Diseases,Heart Disease,400.94,"per 100,000 population"
2015,California,San Diego County,County,Cardiovascular Diseases,Heart Disease,435.34,"per 100,000 population"
2015,New York,Chautauqua County,County,Cardiovascular Diseases,Heart Disease,536.93,"per 100,000 population"
2015,New York,Suffolk County,County,Cardiovascular Diseases,Heart Disease,452.63,"per 100,000 population"
2015,Texas,Travis County,County,Cardiovascular Diseases,Heart Disease,393.8,"per 100,000 population"
2015,California,Riverside County,County,Cardiovascular Diseases,Heart Disease,443.68,"per 100,000 population"
2015,California,Los Angeles County,County,Cardiovascular Diseases,Heart Disease,458.92,"per 100,000 population"
2015,New York,Oswego County,County,Cardiovascular Diseases,Heart Disease,459.89,"per 100,000 population"
2015,Texas,Nueces County,County,Cardiovascular Diseases,Heart Disease,477.74,"per 100,000 population"
2015,New York,Sullivan County,County,Cardiovascular Diseases,Heart Disease,455.69,"per 100,000 population"
2015,Ohio,Clark County,County,Cardiovascular Diseases,Heart Disease,359.25,"per 100,000 population"
2015,California,Plumas County,County,Cardiovascular Diseases,Heart Disease,409.92,"per 100,000 population"
2015,California,Orange County,County,Cardiovascular Diseases,Heart Disease,408.06,"per 100,000 population"
2015,California,Los Angeles County,County,Cardiovascular Diseases,Heart Disease,433.11,"per 100,000 population"
2015,Ohio,Stark County,County,Cardiovascular Diseases,Heart Disease,428.13,"per 100,000 population"
2015,New York,Ulster County,County,Cardiovascular Diseases,Heart Disease,380.17,"per 100,000 population"
2015,New York,Montgomery County,County,Cardiovascular Diseases,Heart Disease,482.64,"per 100,000 population"
2015,Washington,Lincoln County,County,Cardiovascular Diseases,Heart Disease,446.01,"per 100,000 population"
2015,Ohio,Gallia County,County,Cardiovascular Diseases,Heart Disease,427.04,"per 100,000 population"
2015,California,Los Angeles County,County,Cardiovascular Diseases,Heart Disease,340.27,"per 100,000 population"
2015,New York,New York County,County,Cardiovascular Diseases,Heart Disease,445.43,"per 100,000 population"
2015,Texas,Jefferson County,County,Cardiovascular Diseases,Heart Disease,454.01,"per 100,000 population"
2015,Ohio,Portage County,County,Cardiovascular Diseases,Heart Disease,451.01,"per 100,000 population"
2015,Texas,Dallas County,County,Cardiovascular Diseases,Heart Disease,400.67,"per 100,000 population"
2015,Washington,Douglas County,County,Cardiovascular Diseases,Heart Disease,464.14,"per 100,000 population"
2015,California,Santa Clara County,County,Cardiovascular Diseases,Heart Disease,375.26,"per 100,000 population"
2015,California,San Diego County,County,Cardiovascular Diseases,Heart Disease,391.92,"per 100,000 population"
2015,Ohio,Jefferson County,County,Cardiovascular Diseases,Heart Disease,345.37,"per 100,000 population"
2015,Texas,Harrison County,County,Cardiovascular Diseases,Heart Disease,309.69,"per 100,000 population"
2015,Ohio,Medina County,County,Cardiovascular Diseases,Heart Disease,331.24,"per 100,000 population"
2015,New York,Orange County,County,Cardiovascular Diseases,Heart Disease,470.38,"per 100,000 population"
2015,California,Orange County,County,Cardiovascular Diseases,Heart Disease,360.18,"per 100,000 population"
2015,Ohio,Carroll County,County,Cardiovascular Diseases,Heart Disease,512.54,"per 100,000 population"
2015,Ohio,Noble County,County,Cardiovascular Diseases,Heart Disease,470.29,"per 100,000 population"
2015,Texas,Coryell County,County,Cardiovascular Diseases,Heart Disease,382.45,"per 100,000 population"
2015,California,San Diego County,County,Cardiovascular Diseases,Heart Disease,421.01,"per 100,000 population"
2015,California,San Diego County,County,Cardiovascular Diseases,Heart Disease,412.03,"per 100,000 population"
2015,Texas,Castro County,County,Cardiovascular Diseases,Heart Disease,396.98,"per 100,000 population"
2015,Ohio,Lawrence County,County,Cardiovascular Diseases,Heart Disease,424.12,"per 100,000 population"
2015,California,Orange County,County,Cardiovascular Diseases,Heart Disease,410.65,"per 100,000 population"
2015,California,Kern County,County,Cardiovascular Diseases,Heart Disease,423.31,"per 100,000 population"
2015,New York,Sullivan County,County,Cardiovascular Diseases,Heart Disease,445.13,"per 100,000 population"
2015,California,Kern County,County,Cardiovascular Diseases,Heart Disease,423.09,"per 100,000 population"
2015,California,San Joaquin County,County,Cardiovascular Diseases,Heart Disease,513.99,"per 100,000 population"
2015,Washington,King County,County,Cardiovascular Diseases,Heart Disease,507.66,"per 100,000 population"
2015,California,San Bernardino County,County,Cardiovascular Diseases,Heart Disease,371.09,"per 100,000 population"
2015,New York,Sullivan County,County,Cardiovascular Diseases,Heart Disease,452.55,"per 100,000 population"
2015,California,Orange County,County,Cardiovascular Diseases,Heart Disease,425.2,"per 100,000 population"
2015,California,Tulare County,County,Cardiovascular Diseases,Heart Disease,359.61,"per 100,000 population"
2015,Texas,Duval County,County,Cardiovascular Diseases,Heart Disease,360.74,"per 100,000 population"
2015,California,Humboldt County,County,Cardiovascular Diseases,Heart Disease,449.16,"per 100,000 population"
2015,California,Fresno County,County,Cardiovascular Diseases,Heart Disease,417.51,"per 100,000 population"
2015,Texas,Harris County,County,Cardiovascular Diseases,Heart Disease,448.67,"per 100,000 population"
2015,Ohio,Medina County,County,Cardiovascular Diseases,Heart Disease,365.98,"per 100,000 population"
2015,Texas,Hill County,County,Cardiovascular Diseases,Heart Disease,394.0,"per 100,000 population"
2015,Texas,Montague County,County,Cardiovascular Diseases,Heart Disease,400.97,"per 100,000 population"
2015,California,Riverside County,County,Cardiovascular Diseases,Heart Disease,423.5,"per 100,000 population"
2015,California,Merced County,County,Cardiovascular Diseases,Heart Disease,402.51,"per 100,000 population"
2015,Texas,Travis County,County,Cardiovascular Diseases,Heart Disease,471.19,"per 100,000 population"
2015,Texas,Milam County,County,Cardiovascular Diseases,Heart Disease,414.81,"per 100,000 population"
2015,Washington,Skagit County,County,Cardiovascular Diseases,Heart Disease,384.54,"per 100,000 population"
2015,California,Orange County,County,Cardiovascular Diseases,Heart Disease,437.74,"per 100,000 population"
2015,California,Alameda County,County,Cardiovascular Diseases,Heart Disease,462.58,"per 100,000 population"
2015,Texas,El Paso County,County,Cardiovascular Diseases,Heart Disease,429.2,"per 100,000 population"
2015,California,Kern County,County,Cardiovascular Diseases,Heart Disease,410.16,"per 100,000 population"
2015,Texas,Liberty County,County,Cardiovascular Diseases,Heart Disease,424.08,"per 100,000 population"
2015,New York,Kings County,County,Cardiovascular Diseases,Heart Disease,363.76,"per 100,000 population"
2015,California,Orange County,County,Cardiovascular Diseases,Heart Disease,454.48,"per 100,000 population"
2015,California,San Diego County,County,Cardiovascular Diseases,Heart Disease,405.3,"per 100,000 population"
2015,Ohio,Ashtabula County,County,Cardiovascular Diseases,Heart Disease,459.39,"per 100,000 population"
2015,California,Santa Barbara County,County,Cardiovascular Diseases,Heart Disease,378.88,"per 100,000 population"
2015,California,San Diego County,County,Cardiovascular Diseases,Heart Disease,425.26,"per 100,000 population"
2015,California,Marin County,County,Cardiovascular Diseases,Heart Disease,374.26,"per 100,000 population"
2015,New York,Oneida County,County,Cardiovascular Diseases,Heart Disease,432.28,"per 100,000 population"
2015,Texas,Anderson County,County,Cardiovascular Diseases,Heart Disease,402.16,"per 100,000 population"
2015,Washington,Lincoln County,County,Cardiovascular Diseases,Heart Disease,523.17,"per 100,000 population"
2015,Texas,Ochiltree County,County,Cardiovascular Diseases,Heart Disease,403.4,"per 100,000 population"
2015,California,Orange County,County,Cardiovascular Diseases,Heart Disease,406.32,"per 100,000 population"
2015,New York,Kings County,County,Cardiovascular Diseases,Heart Disease,474.53,"per 100,000 population"
2015,California,Riverside County,County,Cardiovascular Diseases,Heart Disease,400.58,"per 100,000 population"
2015,Ohio,Montgomery County,County,Cardiovascular Diseases,Heart Disease,487.06,"per 100,000 population"
2015,Washington,Cowlitz County,County,Cardiovascular Diseases,Heart Disease,493.5,"per 100,000 population"
2015,Washington,Whitman County,County,Cardiovascular Diseases,Heart Disease,417.13,"per 100,000 population"
2015,Texas,Harris County,County,Cardiovascular Diseases,Heart Disease,402.26,"per 100,000 population"
2015,California,San Bernardino County,County,Cardiovascular Diseases,Heart Disease,385.85,"per 100,000 population"
2015,New York,Albany County,County,Cardiovascular Diseases,Heart Disease,458.91,"per 100,000 population"
2015,California,San Bernardino County,County,Cardiovascular Diseases,Heart Disease,356.12,"per 100,000 population"
2015,New York,Westchester County,County,Cardiovascular Diseases,Heart Disease,391.86,"per 100,000 population"
2015,California,Los Angeles County,County,Cardiovascular Diseases,Heart Disease,453.03,"per 100,000 population"
2015,Texas,Montgomery County,County,Cardiovascular Diseases,Heart Disease,504.06,"per 100,000 population"
2015,Ohio,Washington County,County,Cardiovascular Diseases,Heart Disease,441.71,"per 100,000 population"
2015,Texas,Wilson County,County,Cardiovascular Diseases,Heart Disease,382.23,"per 100,000 population"
2015,California,Santa Clara County,County,Cardiovascular Diseases,Heart Disease,443.04,"per 100,000 population"
2015,New York,Dutchess County,County,Cardiovascular Diseases,Heart Disease,470.49,"per 100,000 population"
2015,California,Placer County,County,Cardiovascular Diseases,Heart Disease,405.07,"per 100,000 population"
2015,California,Yuba County,County,Cardiovascular Diseases,Heart Disease,494.2,"per 100,000 population"
2015,New York,Nassau County,County,Cardiovascular Diseases,Heart Disease,417.98,"per 100,000 population"
2015,New York,Westchester County,County,Cardiovascular Diseases,Heart Disease,342.11,"per 100,000 population"
2015,Texas,Knox County,County,Cardiovascular Diseases,Heart Disease,400.14,"per 100,000 population"
2015,Texas,Glasscock County,County,Cardiovascular Diseases,Heart Disease,461.75,"per 100,000 population"
2015,California,Los Angeles County,County,Cardiovascular Diseases,Heart Disease,366.13,"per 100,000 population"
2015,Texas,Johnson County,County,Cardiovascular Diseases,Heart Disease,504.19,"per 100,000 population"
2015,Ohio,Lucas County,County,Cardiovascular Diseases,Heart Disease,471.93,"per 100,000 population"
2015,New York,Lewis County,County,Cardiovascular Diseases,Heart Disease,409.78,"per 100,000 population"
2015,Texas,Harris County,County,Cardiovascular Diseases,Heart Disease,445.24,"per 100,000 population"
2015,California,Los Angeles County,County,Cardiovascular Diseases,Heart Disease,382.4,"per 100,000 population"
2015,Ohio,Delaware County,County,Cardiovascular Diseases,Heart Disease,426.01,"per 100,000 population"
2015,California,Orange County,County,Cardiovascular Diseases,Heart Disease,480.91,"per 100,000 population"
2015,New York,Niagara County,County,Cardiovascular Diseases,Heart Disease,430.63,"per 100,000 population"
2015,California,Santa Clara County,County,Cardiovascular Diseases,Heart Disease,391.65,"per 100,000 population"
2015,Texas,Van Zandt County,County,Cardiovascular Diseases,Heart Disease,461.57,"per 100,000 population"
2015,Ohio,Muskingum County,County,Cardiovascular Diseases,Heart Disease,408.09,"per 100,000 population"
2015,New York,Ulster County,County,Cardiovascular Diseases,Heart Disease,356.39,"per 100,000 population"
2015,New York,Onondaga County,County,Cardiovascular Diseases,Heart Disease,396.43,"per 100,000 population"
2015,Texas,Haskell County,County,Cardiovascular Diseases,Heart Disease,442.7,"per 100,000 population"
2015,Ohio,Muskingum County,County,Cardiovascular Diseases,Heart Disease,348.11,"per 100,000 population"
2015,California,Los Angeles County,County,Cardiovascular Diseases,Heart Disease,435.47,"per 100,000 population"
2015,Texas,El Paso County,County,Cardiovascular Diseases,Heart Disease,470.35,"per 100,000 population"
2015,New York,Madison County,County,Cardiovascular Diseases,Heart Disease,484.22,"per 100,000 population"
2015,Ohio,Lucas County,County,Cardiovascular Diseases,Heart Disease,430.98,"per 100,000 population"
2015,California,Siskiyou County,County,Cardiovascular Diseases,Heart Disease,448.61,"per 100,000 population"
2015,New York,Tompkins County,County,Cardiovascular Diseases,Heart Disease,472.77,"per 100,000 population"
2015,Texas,Dallas County,County,Cardiovascular Diseases,Heart Disease,401.32,"per 100,000 population"
2015,Ohio,Logan County,County,Cardiovascular Diseases,Heart Disease,428.17,"per 100,000 population"
2015,California,Los Angeles County,County,Cardiovascular Diseases,Heart Disease,370.89,"per 100,000 population"
2015,Texas,Harris County,County,Cardiovascular Diseases,Heart Disease,426.52,"per 100,000 population"
2015,Texas,Fannin County,County,Cardiovascular Diseases,Heart Disease,397.76,"per 100,000 population"
2015,New York,Jefferson County,County,Cardiovascular Diseases,Heart Disease,445.02,"per 100,000 population"
2015,Washington,Clark County,County,Cardiovascular Diseases,Heart Disease,447.95,"per 100,000 population"
2015,California,Lake County,County,Cardiovascular Diseases,Heart Disease,430.31,"per 100,000 population"
2015,California,Fresno County,County,Cardiovascular Diseases,Heart Disease,408.76,"per 100,000 population"
2015,Texas,Calhoun County,County,Cardiovascular Diseases,Heart Disease,462.58,"per 100,000 population"
2015,Texas,Atascosa County,County,Cardiovascular Diseases,Heart Disease,369.45,"per 100,000 population"
2015,California,San Bernardino County,County,Cardiovascular Diseases,Heart Disease,383.72,"per 100,000 population"
2015,Texas,Kaufman County,County,Cardiovascular Diseases,Heart Disease,407.36,"per 100,000 population"
2015,New York,Westchester County,County,Cardiovascular Diseases,Heart Disease,452.84,"per 100,000 population"
2015,California,Merced County,County,Cardiovascular Diseases,Heart Disease,407.16,"per 100,000 population"
2015,California,Fresno County,County,Cardiovascular Diseases,Heart Disease,461.54,"per 100,000 population"
2015,California,Trinity County,County,Cardiovascular Diseases,Heart Disease,427.51,"per 100,000 population"
2015,Texas,Dallas County,County,Cardiovascular Diseases,Heart Disease,438.03,"per 100,000 population"
2015,Texas,Tarrant County,County,Cardiovascular Diseases,Heart Disease,447.57,"per 100,000 population"
2015,Ohio,Morrow County,County,Cardiovascular Diseases,Heart Disease,389.03,"per 100,000 population"
2015,California,Los Angeles County,County,Cardiovascular Diseases,Heart Disease,436.99,"per 100,000 population"
2015,California,Sonoma County,County,Cardiovascular Diseases,Heart Disease,397.34,"per 100,000 population"
2015,New York,Erie County,County,Cardiovascular Diseases,Heart Disease,423.52,"per 100,000 population"
2015,California,Santa Clara County,County,Cardiovascular Diseases,Heart Disease,412.56,"per 100,000 population"
2015,Texas,Bowie County,County,Cardiovascular Diseases,Heart Disease,457.61,"per 100,000 population"
2015,Ohio,Ross County,County,Cardiovascular Diseases,Heart Disease,358.51,"per 100,000 population"
2015,Washington,King County,County,Cardiovascular Diseases,Heart Disease,404.18,"per 100,000 population"
2015,California,Fresno County,County,Cardiovascular Diseases,Heart Disease,395.1,"per 100,000 population"
2015,California,Sacramento County,County,Cardiovascular Diseases,Heart Disease,395.56,"per 100,000 population"
2015,New York,Broome County,County,Cardiovascular Diseases,Heart Disease,444.31,"per 100,000 population"
2015,New York,Oneida County,County,Cardiovascular Diseases,Heart Disease,414.18,"per 100,000 population"
2015,Texas,Lipscomb County,County,Cardiovascular Diseases,Heart Disease,374.83,"per 100,000 population"
2015,New York,Westchester County,County,Cardiovascular Diseases,Heart Disease,393.67,"per 100,000 population"
2015,New York,Ontario County,County,Cardiovascular Diseases,Heart Disease,416.06,"per 100,000 population"
2015,California,Riverside County,County,Cardiovascular Diseases,Heart Disease,428.36,"per 100,000 population"
2015,Texas,Nueces County,County,Cardiovascular Diseases,Heart Disease,384.63,"per 100,000 population"
2015,Texas,Freestone County,County,Cardiovascular Diseases,Heart Disease,374.69,"per 100,000 population"
2015,Washington,Okanogan County,County,Cardiovascular Diseases,Heart Disease,357.3,"per 100,000 population"
2015,Texas,El Paso County,County,Cardiovascular Diseases,Heart Disease,365.34,"per 100,000 population"
2015,Ohio,Athens County,County,Cardiovascular Diseases,Heart Disease,410.6,"per 100,000 population"
2015,New York,Rockland County,County,Cardiovascular Diseases,Heart Disease,392.44,"per 100,000 population"
2015,Texas,Hardin County,County,Cardiovascular Diseases,Heart Disease,391.33,"per 100,000 population"
2015,New York,Wyoming County,County,Cardiovascular Diseases,Heart Disease,361.65,"per 100,000 population"
2015,New York,Erie County,County,Cardiovascular Diseases,Heart Disease,437.69,"per 100,000 population"
2015,Washington,Snohomish County,County,Cardiovascular Diseases,Heart Disease,385.85,"per 100,000 population"
2015,California,Fresno County,County,Cardiovascular Diseases,Heart Disease,361.16,"per 100,000 population"
2015,Texas,Grayson County,County,Cardiovascular Diseases,Heart Disease,405.98,"per 100,000 population"
2015,Texas,Hidalgo County,County,Cardiovascular Diseases,Heart Disease,429.53,"per 100,000 population"
2015,Washington,Clark County,County,Cardiovascular Diseases,Heart Disease,372.94,"per 100,000 population"
2015,California,Sacramento County,County,Cardiovascular Diseases,Heart Disease,429.86,"per 100,000 population"
2015,California,San Bernardino County,County,Cardiovascular Diseases,Heart Disease,404.91,"per 100,000 population"
2015,Texas,Harris County,County,Cardiovascular Diseases,Heart Disease,434.0,"per 100,000 population"
2015,Ohio,Summit County,County,Cardiovascular Diseases,Heart Disease,435.11,"per 100,000 population"
2015,Texas,El Paso County,County,Cardiovascular Diseases,Heart Disease,395.38,"per 100,000 population"
2015,Texas,Cochran County,County,Cardiovascular Diseases,Heart Disease,499.75,"per 100,000 population"
2015,Texas,Gregg County,County,Cardiovascular Diseases,Heart Disease,435.63,"per 100,000 population"
2015,California,San Mateo County,County,Cardiovascular Diseases,Heart Disease,482.93,"per 100,000 population"
2015,New York,Chenango County,County,Cardiovascular Diseases,Heart Disease,386.85,"per 100,000 population"
2015,Washington,Pierce County,County,Cardiovascular Diseases,Heart Disease,452.82,"per 100,000 population"
2015,Texas,Bexar County,County,Cardiovascular Diseases,Heart Disease,459.19,"per 100,000 population"
2015,Washington,San Juan County,County,Cardiovascular Diseases,Heart Disease,427.41,"per 100,000 population"
2015,Washington,Lewis County,County,Cardiovascular Diseases,Heart Disease,440.89,"per 100,000 population"
2015,Ohio,Geauga County,County,Cardiovascular Diseases,Heart Disease,431.02,"per 100,000 population"
2015,California,San Bernardino County,County,Cardiovascular Diseases,Heart Disease,387.51,"per 100,000 population"
2015,New York,New York County,County,Cardiovascular Diseases,Heart Disease,391.27,"per 100,000 population"
2015,Texas,Burnet County,County,Cardiovascular Diseases,Heart Disease,499.87,"per 100,000 population"
2015,Ohio,Hamilton County,County,Cardiovascular Diseases,Heart Disease,447.82,"per 100,000 population"
2015,Texas,Wise County,County,Cardiovascular Diseases,Heart Disease,392.38,"per 100,000 population"
2015,New York,Monroe County,County,Cardiovascular Diseases,Heart Disease,404.31,"per 100,000 population"
2015,Texas,Kleberg County,County,Cardiovascular Diseases,Heart Disease,376.56,"per 100,000 population"
2015,Washington,Whitman County,County,Cardiovascular Diseases,Heart Disease,403.65,"per 100,000 population"
2015,Ohio,Fairfield County,County,Cardiovascular Diseases,Heart Disease,431.55,"per 100,000 population"
2015,Washington,San Juan County,County,Cardiovascular Diseases,Heart Disease,440.5,"per 100,000 population"
2015,Texas,El Paso County,County,Cardiovascular Diseases,Heart Disease,395.39,"per 100,000 population"
2015,New York,Oneida County,County,Cardiovascular Diseases,Heart Disease,442.48,"per 100,000 population"
2015,California,San Bernardino County,County,Cardiovascular Diseases,Heart Disease,456.27,"per 100,000 population"
2015,Ohio,Summit County,County,Cardiovascular Diseases,Heart Disease,435.38,"per 100,000 population"
2015,Washington,Kitsap County,County,Cardiovascular Diseases,Heart Disease,436.65,"per 100,000 population"
2015,New York,St. Lawrence County,County,Cardiovascular Diseases,Heart Disease,401.02,"per 100,000 population"
2015,California,Shasta County,County,Cardiovascular Diseases,Heart Disease,430.56,"per 100,000 population"
2015,Washington,King County,County,Cardiovascular Diseases,Heart Disease,397.17,"per 100,000 population"
2015,California,Los Angeles County,County,Cardiovascular Diseases,Heart Disease,473.27,"per 100,000 population"
2015,Texas,Bell County,County,Cardiovascular Diseases,Heart Disease,357.75,"per 100,000 population"
2015,California,Imperial County,County,Cardiovascular Diseases,Heart Disease,450.61,"per 100,000 population"
2015,Ohio,Monroe County,County,Cardiovascular Diseases,Heart Disease,419.98,"per 100,000 population"
2015,New York,Wayne County,County,Cardiovascular Diseases,Heart Disease,474.23,"per 100,000 population"
2015,Washington,King County,County,Cardiovascular Diseases,Heart Disease,544.15,"per 100,000 population"
2015,Washington,Pierce County,County,Cardiovascular Diseases,Heart Disease,477.14,"per 100,000 population"
2015,Texas,Travis County,County,Cardiovascular Diseases,Heart Disease,452.93,"per 100,000 population"
2015,New York,Allegany County,County,Cardiovascular Diseases,Heart Disease,356.46,"per 100,000 population"
2015,Ohio,Stark County,County,Cardiovascular Diseases,Heart Disease,436.43,"per 100,000 population"
2015,New York,Chautauqua County,County,Cardiovascular Diseases,Heart Disease,404.9,"per 100,000 population"
2015,Washington,Kitsap County,County,Cardiovascular Diseases,Heart Disease,439.66,"per 100,000 population"
2015,California,Marin County,County,Cardiovascular Diseases,Heart Disease,388.75,"per 100,000 population"
2015,New York,St. Lawrence County,County,Cardiovascular Diseases,Heart Disease,423.35,"per 100,000 population"
2015,Ohio,Monroe County,County,Cardiovascular Diseases,Heart Disease,400.99,"per 100,000 population"
2015,New York,Oneida County,County,Cardiovascular Diseases,Heart Disease,433.75,"per 100,000 population"
2015,New York,Onondaga County,County,Cardiovascular Diseases,Heart Disease,361.28,"per 100,000 population"
2015,Ohio,Franklin County,County,Cardiovascular Diseases,Heart Disease,412.44,"per 100,000 population"
2015,Texas,Brewster County,County,Cardiovascular Diseases,Heart Disease,420.79,"per 100,000 population"
2015,Texas,Hardin County,County,Cardiovascular Diseases,Heart Disease,386.74,"per 100,000 population"
2015,Texas,Bexar County,County,Cardiovascular Diseases,Heart Disease,403.19,"per 100,000 population"
2015,California,San Bernardino County,County,Cardiovascular Diseases,Heart Disease,440.35,"per 100,000 population"
2015,New York,Ulster County,County,Cardiovascular Diseases,Heart Disease,307.66,"per 100,000 population"
2015,Texas,Shackelford County,County,Cardiovascular Diseases,Heart Disease,449.05,"per 100,000 population"
2015,New York,New York County,County,Cardiovascular Diseases,Heart Disease,395.86,"per 100,000 population"
2015,New York,Albany County,County,Cardiovascular Diseases,Heart Disease,367.39,"per 100,000 population"